'Hey, Nowa! Guten Morgen! Alle haben sich in der Großen Halle versammelt und, ähm ...'
'Äh ...'
'Nun, ich wollte nur ein bisschen Freude verbreiten. Du kennst mich, ich muntere immer alle auf! Und zwar kostenlos!'
'Also los!'
'Oh, ähm ... ja. Vielleicht wär es besser, wenn wir ... zur Großen Halle gehen?'
'Sieh mal, ich weiß, wie du dich fühlst, aber gehen wir zur Großen Halle, ja? Ich will die anderen nicht warten lassen!'
'Sieh mal, Nowa. Ich verstehe das. Das tue ich wirklich.'
'Aber wir müssen weitermachen.'
'Da bist du ja, Kommandant. Du solltest dich beeilen.'
'Ich würde den Rat gerne damit beginnen, die aktuellen Ereignisse zu rekapitulieren.'
'Ich habe Sabine und Garoo nach Euchrisse geschickt, um Aufklärungsarbeiten zu erledigen. Garoo? Wärest du so nett?'
'Sicher. Oh, und dürfte ich erwähnen, dass ich nicht oft das Vergnügen habe, mit einem so formidablen Partner zusammenzuarbeiten?'
'Solange es dir nichts ausmacht, dass ich dich dafür verurteile.'
'Aber Tanzen ist nicht mein Ding, also komme ich gleich zur Sache: Hishahn steht jetzt vollständig unter Kontrolle des Reichs.'
'Mein Name ist Chapell Winlart, und ich bin euer neu ernannter Gouverneur per Dekret das galdeanischen Reichs.'
'Ich möchte folgende Ankündigung machen:'
'<shake duration=0.4 strength=17.5>Fortan soll diese Stadt unter dem Namen Ostlart bekannt sein. Sollte sich jemand weigern, den korrekten Namen zu verwenden, wird er bestraft!'
'<shake duration=0.4 strength=17.5>Ruhe!'
'Euer Bürgerstatus im Reich soll Zweiter Klasse sein, mit Ausnahme der Beschweiften, die zur Dritten Klasse gehören.'
'<shake duration=0.4 strength=17.5>RUHE! Ich sage es nicht noch einmal!'
'Zum Glück für euch Wichte ist Euer Gnaden Dux Aldric sowohl gnädig, als auch großzügig.'
'Alle, die eine Runenlinse besitzen oder auf eine eingestimmt sind, erhalten die Rechte eines Bürgers Erster Klasse und können im Schnellverfahren zum Offizier der Reichsarmee ernannt werden.'
'Das ist, wie ich euch versichern kann, ein sehr lukratives Angebot. Wer glaubt, ein entsprechendes Anrecht zu haben,\nsollte sich schnell beim Büro des Gouverneurs vorstellen.'
'Oh, mein armes Volk ...'
'Beschweift, hm? Dazu hätte ich ein, zwei drittklassige Sachen zu sagen ...'
'Denken alle Galdeaner so?'
'Ich kann nicht leugnen, dass einige unserer Landsleute solche fürchterlichen Ansichten haben.'
'Das ist verwerflich und es tut mir sehr leid.'
'Du bist nicht die Person, die sich entschuldigen muss.'
'Außerdem bin ich froh, dass ich es gehört habe, dann kann ich meine Schwerthiebe mit noch mehr Zorn erfüllen.'
'Also sollten wir uns darüber Sorgen machen, dass diese Linsenträger, die er rekrutiert, doch kein „lukratives“ Angebot bekommen?'
'Wir wissen, dass Aldric versucht, Runenlinsen als Waffen und auch im Allgemeinen einzusetzen.'
'Der Drache, den wir auf dem Schlachtfeld gesehen haben, ist ein perfektes Beispiel.'
'In dem Labor, in dem er uns gefangen hielt, benutzte er ... Personen, ... um die Macht der Urzeit-Linse zu entfesseln.'
'Er wird wahrscheinlich dasselbe mit anderen Linsenträgern machen, die sich melden ...'
'Der Dux muss aufgehalten werden, bevor noch mehr unschuldiges Blut vergossen wird!'
'Ein schöner Gedanke, aber wenn man an den Zustand unserer Armee denkt ...'
'Das Reich hat eine enge Union mit den Wiedergängern und Kenan geschmiedet.'
'Wir hingegen lecken immer noch unsere Wunden von dem letzten Konflikt.'
'Einige Euchrissianer haben versucht, den Angriff des Reichs auf Hishahn aufzuhalten, aber sie wurden alle überrannt.'
'Und seit König Sallas aus Norristar geflohen ist, wurde er nirgends gesichtet.'
'Wir konnten auch General Elektra oder Maxim nicht kontaktieren. Das letzte Mal als wir sie sahen, haben sie hinten die Stellung gehalten, als wir uns aus Athrabalt zurückgezogen haben.'
'Aye, aber ihr habt immer noch die Baumhirten und die Shi’arcs! Was wahrscheinlich nicht reicht, das gebe ich zu.'
'Gibt es überhaupt noch Hoffnung? <i>Irgendeine</i> Möglichkeit, das Reich in einem direkten Konflikt zu besiegen?'
'Nein, meine Dame.'
'So ist es also. Keine Hoffnung.'
'Ha ha ha ... haaaaaa. Verdammt.'
'Okay, also das ist alles schrecklich. Aber wir werden doch nicht einfach aufgeben, oder?'
'Die Waffen niederlegen und aufgeben, das ist ...'
'Nun, es ist nicht die schlechteste der Optionen, die uns zur Verfügung stehen.'
'Wenn wir das tun, könnten wir die Leben zahlloser Soldaten retten – unserer Kameraden und Freunde.'
'Was? Nein! Wir geben nicht auf! Auf keinen Fall, das wird nicht passieren.'
'Poo bee!'
'Natürlich wäre es auch eine Option, zu kämpfen.'
'Was sagst du, Kommandant Nowa?'
'Ich ...'
'<shake duration=0.4 strength=17.5>Okay, aufhören, ihr alle! Es ist falsch, das ALLES auf Nowa abzuwälzen!'
'Es ist extrem ungerecht, ihn dazu aufzufordern, zu entscheiden, was mit den Leben so vieler Personen passieren soll! Ich meine, wenn ICH an seiner Stelle wäre, würde ich ...'
'Ich würde in meinen Stiefeln zittern, okay?! Verdammt, ich würde wahrscheinlich zu einem kleinen Häufchen Matsch am Boden zusammenschrumpfen und wie ein Baby zu brabbeln anfangen!'
'Es ist okay, Lian.'
'Ich weiß deinen Einsatz zu schätzen. Wirklich. Aber diese Wahl muss ich treffen.'
'... Irgendwie.'
'Ja, irgendwie.'
'Glücklicherweise haben wir noch keine Berichte darüber erhalten, dass die Reichsarmee in diese Richtung marschiert.'
'Warum, weiß ich nicht. Vielleicht wissen sie nicht, dass wir hier sind oder vielleicht wollen sie zuerst all ihre Streitkräfte versammeln.'
'Wie auch immer, ihr habt ein wenig Zeit, um euch Gedanken zu machen.'
'Aber die Entscheidung muss getroffen werden.'
'...'
'Nowa ...'
'Hau ruck! Hau ruck!'
'Sortierst du das Lager, Sumire?'
'Sicher!'
'Man muss die Sachen ja auch bereit haben, falls Nowa und die anderen in den Krieg ziehen, oder?'
'Raus...bekommen?'
'Ja! Wenn man erst herumsuchen muss, zerstört man die Dynamik vor der Schlacht. Ich will sagen können: „Bumm, hier bitte!“ Und sie dann so: „Bumm, los geht’s!“'
'Ich dachte mir, so kann ich am besten helfen.'
'Heh. Schön gesagt, Sumire. Etwas sagt mir, dass der Schüler langsam den Lehrer übertrifft.'
'Also, was passiert jetzt?'
'Ja, wenn die Allianz beschließt, aufzugeben, was bedeutet das für uns?'
'Nun, wir gehen sicher nicht ins Reich zurück.'
'Außer wir wollen wegen Fahnenflucht und Verrat hingerichtet werden.'
'Aber ...'
'Wir könnten jederzeit in ein abgelegenes Gebiet fliehen ...\nVon dort Widerstand leisten.'
'Es besteht immer die Chance, dass sich die Stimmung im\nReich gegen den Dux richtet. Die Widerstandsbewegung\nkönnte wachsen.'
'Selbst wenn es dazu kommt, werde ich niemals aufhören zu kämpfen.'
'Glaubst du, du könntest mich mitnehmen?'
'Es wäre extrem gefährlich.'
'Oh, ich weiß.'
'Aber ihr habt alle so hart für mich und meine Schwester gekämpft, und ich möchte diesen Gefallen erwidern.'
'Ich auch. Wir ... wir kämpfen beide mit euch!'
'Ihr seid beide sehr mutig.'
'Aber du musst dir keine Sorgen machen, Mihlu. Soweit kommt es nicht.'
'Woher willst du das wissen?'
'Weil ich <i>ihn</i> kenne.'
'Also ... was passiert jetzt?'
'Ich gehe jetzt mal davon aus, dass das eine rhetorische Frage ist.'
'Poo bee!'
'Was meinst du damit?'
'Soweit ich das beurteilen kann, ist es nicht Nowas Art, in so einem Moment aufzugeben.'
'Ich stimme zu.'
'Was also <i>passiert</i>, ist, dass wir uns auf den bevorstehenden Kampf vorbereiten.'
'Es ist nicht vorbei, bis wir das Reich begraben und Yarnaan befreit haben. Ende der Geschichte.'
'Die Pflicht eines Hüters ändert sich nie.'
'Wir kämpfen, wann wir müssen und wo wir müssen.'
'Hee! Ja, das stimmt genau. Ich schätze, ich sollte mir weniger Sorgen machen und mich besser vorbereiten.'
'Heh. Danke dass du mir die Motivationsrede ersparst.'
'Also, Nowa? Hast du deine Antwort?'
'......'
'Ich kann nicht aufhören, an eine Sache zu denken.'
'Was denn?'
'War ich die ganze Zeit über die falsche Person? Meine\nEntscheidungen haben so viele Personen betroffen\nund das scheint einfach nicht ... richtig zu sein.'
'Cousin! Komm schon. Biiiitte!'
'Als du uns gesagt hast, dass du eine Widerstandsarmee aufbaust, haben wir dir unsere Leben verschrieben, erinnerst du dich?'
'Und seither gab es keinen Moment, in dem wir das bereut haben!'
'Ganz genau!'
'Hahaha! Seit <i>sie</i> es bereut haben.'
'Jap, in der Nacht haben wir uns entschieden.'
'Zufällig bist du ein Mann, für den es sich lohnt, sein Leben zu riskieren.'
'Wie auch die Ideale, an die du glaubst. Also kannst du aufhören zu grübeln.'
'Dein Herz weiß, was richtig ist. Das wusste es schon immer.'
'Also vertraue ihm.'
'Vielen Dank, euch allen.'
'Meine Gefühle haben sich seit der Nacht nicht geändert. Ich denke noch immer gleich, selbst jetzt, wo ich hier stehe,\ngesegnet mit so vielen neuen Freunden.'
'Also danke. Ich weiß jetzt, was zu tun ist.'
'Gut.'
'Wenn du nicht selbstsicher bist, können deine Soldaten nicht kämpfen. Ein Anführer muss an seine Ideale glauben.'
'Spektakulär!'
'Ich habe mich schon gefragt wann „Oh Großer Hauptmann“ zu „Oh fast perfekter Hauptmann“ werden würde.'
'Ich war immer noch nur „Groß“?'
'Hm?'
'Das gibts doch nicht ...'
'Hat <i>Ymir</i> gerade einen WITZ gemacht?!'
'Schlechte Form?'
'Sehr angebracht, würde ich sagen!'
'Bahaha! Jetzt habe ich wirklich alles gesehen.'
'Wenn du bereit bist, Nowa, dann führe uns, direkt und ehrlich.'
'Also, Kommandant? Hast du eine Entscheidung getroffen?'
'Sein Gesicht scheint „Ja“ zu sagen.'
'Nowa.'
'Mmm.'
'Wir werden weiterkämpfen. Wir werden das Reich aufhalten.'
'Wenn es eine Möglichkeit gäbe, euch alle zu retten, indem wir dieser Situation ausweichen, würde ich es tun. Aber der Dux wird das nie zulassen.'
'Wir wissen, was er mit Yaelus Dorf gemacht hat und was er gerade in Hishahn tut. Er wird <i>so</i> viele Leben zerstören.'
'Ich weiß, dass das, worum ich euch bitte, nicht einfach wird – aber es wird auch nicht unmöglich sein.'
'Also sage ich, wir kämpfen und beschützen so viele Personen, wie wir können!'
'Genau das will ich hören!'
'Poo bee pooooo!'
'Ja ... ja, das gefällt mir <i>wirklich</i>. Erheben wir uns und kämpfen wir erneut, wie damals, als wir erstmals Hishahn verteidigt haben.'
'Shi’arcs lassen sich keine Gelegenheit entgehen, Ruhm zu erlangen.'
'Und diese Schlacht wird die ruhmreichste aller Zeiten!'
'Hört hört! Wir müssen Aldrics barbarischer Herrschaft ein Ende setzen.'
'Seht ihr? Ich wusste, dass ich die richtige Person ausgewählt habe.'
'Aber was wir jetzt brauchen ist eine Strategie. Eine Möglichkeit, den Krieg gegen das Reich zu gewinnen ... Melridge?'
'Bei allem Respekt, Kommandant, das ist eine abstruse Forderung. Wir können von Glück sagen, wenn wir die Reichsarmee in einer einzigen Schlacht besiegen, geschweige denn in einem Krieg.'
'Also ist es unmöglich?'
'Das Wort, das ich verwendet habe, war „abstrus“. Nicht „unmöglich“.'
'Außerdem erkenne ich eine lohnenswerte Herausforderung, wenn ich sie sehe.'
'Klingt, als hättest du eine Idee.'
'Eins nach dem anderen. Wir müssen unsere Armee verstärken, indem wir so viele verstreute Euchrissianer- und Norristari-Truppen wie möglich versammeln.'
'Außerdem gibt es eine weitere kleine Streitmacht, die wir um Hilfe bitten könnten.'
'Ah, ich WUSSTE, dass ich aus einem Grund hergebeten wurde! Etwas sagt mir, dass du diesen abstrusen Plan die ganze Zeit in der Hinterhand hattest.'
'Schuldig im Sinne der Anklage. Können wir auf den zweiten Sohn des Fawud-Klans zählen?'
'Nun, ich freue mich nicht unbedingt darauf, meinem Bruder wieder unter die Augen zu treten ... aber ich schätze, es ist an der Zeit, meinen Stolz hintenanzustellen.'
'Die Elfen werden wahrscheinlich sowieso früher oder später in den Konflikt hineingezogen.'
'Oh, Alwe ...'
'Entspann dich, Lilwn, ich schlage ihm dieses Mal nicht ins Gesicht.'
'Das ist nicht, was ich ... Uff.'
'Da hast du es. Der gute Alwe hier überbringt unsere Botschaft den Elfen.'
'Das weiß ich zu schätzen.'
'Kein Problem. Ich kriege das schon irgendwie hin.'
'Erlaube mir, die Euchrissianischen Truppen zu versammeln.'
'Und die Hüter machen sie auf den Weg und finden die restlichen Norristari.'
'Kommandant Nowa, jetzt wäre ein guter Zeitpunkt für dich, ebenfalls neue Verbündete zu suchen.'
'Wir müssen handeln, bevor das Reich seinen nächsten Schachzug ausführt.'
'Dann gehen wir an die Arbeit und gewinnen diesen Krieg!'
'Oh, wir werden gewinnen, ja.'
'Komme, was wolle.'
'Okay, finden wir neue Helden!'
'Gegen das Reich brauchen wir jede Hilfe, die wir finden können.'
'Voilà! Noch eine perfekte Landung. Oh, da bekomme ich glatt selbst eine Gänsehaut.'
'...?'
'Stimmt etwas nicht, Carrie?'
'Ich spüre, dass etwas eine Störung auf dem Platz verursacht.'
'„Etwas?“'
'Etwas, das ich schon lange nicht mehr gespürt habe.'
'Willkommen zurück. Wieder eine perfekte Landung.\nApplaus, Applaus, Applaus. Looos Carrie!'
'Ich weiß nicht, was wir ohne dich tun würden.'
'Nur damit du es weißt, etwas verursacht eine Störung auf dem Platz.'
'„Etwas?“'
'Etwas, das ich schon lange nicht mehr gespürt habe.'
'GAK GAK GAK! Ihr seid in der ehrfurchtgebietenden Gegenwart von Markus, dem König der Wiedergänger! Seht ihr Narren jetzt, dass ich die Wahrheit gesagt habe?'
'Die Wahrheit gesagt!'
'Wie sind die Wiedergänger hier reingekommen?'
'Wir haben keine Angst vor euch!'
'Ihr versteht es noch immer nicht? Dann sei es so.\nIch erspare euch weiteres Leid und nehme euch\nin meine Legion aus Dienern auf.'
'<shake duration=0.4 strength=17.5>Nicht wieder dieser hochtrabende Haufen Knochen!'
'Schön, schön! Wenn das nicht die Vandalen sind, die meine geliebten Subjekte beschädigt haben. Wisst ihr, was es für eine <i>Plackerei</i> war, sie wiederherzustellen?'
'Wiederherzustellen!'
'GAK GAK GAK! Na, wenn das nicht die erbärmlichen Sterblichen sind, deren Geist ich gebrochen habe! Ich wusste, dass es nur eine Frage der Zeit wäre, bis ihr bemerkt, wie gnädig ich wirklich bin.'
'Was wollt ihr dieses Mal, ihr Freaks? Zerstört ihr noch ein Dorf, wie damals meines?!'
'Poo bee poo!'
'Habe ich das nicht klargestellt? Ich will <i>euch</i>! Vereint eure Stärke mit meiner, dann gewähre ich euch ewiges Leben!'
'Das ist mal eine gut ausgedachte Lüge.'
'Frech! Dieser rückgratlose Schurke Diradhe würde versuchen, euch zu hintergehen, aber der König der Wiedergänger hat niemals unrecht.'
'Diradhe, hm?'
'Ich schätze, das ist der Typ, der unser Dorf überrannt hat? Der mit der Frau in der Fuchsmaske zusammengearbeitet hat?'
'Er ist mein Erzfeind! Wie kann dieser Bösewicht es wagen, den Preis einzustreichen, auf den ich es abgesehen hatte?'
'Schnell jetzt! Schließt euch mir an, damit ich euch von eurem traurigen Schicksal erlösen kann.'
'Moment. Also bist du <i>nicht</i> auf derselben Seite wie die Wiedergänger, die Yarnaan angegriffen haben?'
'... Vielleicht sollten wir ihn ausreden lassen.'
'Wenigstens nehmen sie Vernunft an! Gott, aber ihr Menschen lasst euch das Blut immer zu Kopfe steigen.'
'Das Problem könnte ich so leicht für euch lösen ...'
'Nyahaha! Endlich habe ich dich gefunden, Skelettkönig.'
'Hmm? Wer bist du?'
'Die Nekromantin Milana. Deine neue Meisterin.'
'GAK GAK GAK! Du? Meine Meisterin? Lächerlich!\nDu glaubst, eine einfache Nekromantin kann ...'
'Ich habe <i>sehr</i> lange nach dir gesucht, also überspringen wir das unnötige Geschwätz und kommen zu dem Teil, wo du tust, was ich befehle.'
'Okay, mittlerweile weiß ich nicht mehr, wer hier wen unterwerfen will. Können wir uns das für später aufbewahren?'
'Hört mich! Ihr steht vor dem König der Wiedergänger, dem Herrscher über das Alte Reich!'
'Wie könnten wir dich <i>nicht</i> hören, wenn du nicht aufhörst zu reden?! Aber ich schätze, du bist nicht unbedingt ein Monster ...'
'Also zusammenfassend hat dich der Erzwiedergänger Diradhe aus deiner Burg vertrieben und du versuchst bloß ... sie zurückzubekommen?'
'Falsch!'
'Entschuldigung?'
'Ich wurde nicht <i>vertrieben</i>! Verlierer werden <i>vertrieben</i>!\nDer Bösewicht hat mir die Burg <i>gestohlen</i>, während ich\ngeschlafen habe!'
'Ich kann den Unterschied nicht sehen.'
'Und ich hatte keine Ahnung, dass es Wiedergängerkönige gibt.'
'Ahhh! Fasziniert dich das, Kind? Du hast ein hübsches Antlitz, wie ich. Siehst du, wie schön du mit ein paar Änderungen werden könntest?'
'Verlockend, aber nein.'
'Zurück zum Thema. Du sagst, dass wir, wenn wir die Runenlinse in deinem Palast in die Finger bekommen – Burg Harganthia, nicht? – die Wiedergängerarmee vernichten können?'
'Richtig. In der Burg befindet sich ein Gerät, das von der Seelenruf-Runenlinse betrieben wird.'
'Wenn wir die Wiedergängerarmee auslöschen könnten, wäre das die Wendung im Krieg.'
'In Ordnung. Dann los! Ich werde ...'
'Nicht so schnell, Kommandant. Die Hüter werden sich darum kümmern, wir haben ein persönliches Interesse an dieser Sache.'
'Ja, Nowa. Wir kümmern uns um die Wiedergänger.'
'Ich schätze, das funktioniert. Wir brauchen ja noch jemanden der neue Verbündete rekrutiert. Warum konzentrierst du dich nicht darauf, Kommandant, während sie die Burg der Wiedergänger stürmen?'
'In Ordnung.'
'Also, folgendes Angebot, Markus. Wir helfen dir, deine Burg zurückzubekommen.'
'Aber im Gegenzug schalten wir die Runenlinse aus und damit auch die Wiedergängerarmee. Einverstanden?'
'Einverstanden! Oh, und es versteht sich von selbst, dass mir die Burg übergeben wird, sobald alles erledigt ist.'
'Na gut. Dann bereiten wir uns darauf vor, dass Hüterin Marisa und ihr Team die Burg Harganthia stürmen.'
'Wenn alles erledigt ist, erinnere ich dich an dein Versprechen, mein Knecht zu werden.'
'Was? So ein Versprechen habe ich nicht gegeben!'
'Gott sei Dank kann ich meiner untoten Gefolgschaft endlich einen König hinzufügen.'
'SO EIN VERSPRECHEN HABE ICH NICHT GEGEBEN!'
'Das ist also Hishahns Palast, hmm?'
'Was denkt Ihr, mein König? Ist die Dekoration nicht extrava...'
'Kein Interesse.'
'Oh. N... Nun, ein Glück, dass wir die Dekoration grundlegend über...'
'Genug. Gibt es Fortschritt mit den Runenlinsen?'
'Wir haben versucht, jene mit dem nötigen Talent anzuwerben, eure Erhabenheit, aber ohne großen Erfolg.'
'„Anzuwerben“? Wir brauchen sie – viele von ihnen – wenn wir die Urzeit-Linse vollständig erwecken wollen.'
'Bringt sie zu mir – gewaltsam, wenn es sein muss.'
'Ja, eure Erhabenheit!'
'Zufällig habe ich eine Kleinigkeit gefunden, die eure Erhabenheit vielleicht interessant findet ...'
'So, so! Wenn das nicht König Sallas Baelrant von Norristar ist.'
'Ahhhh ...'
'Wir haben ihn kauernd in einem der Nachbardörfer gefunden.'
'Ich wollte König Sallas schon lange etwas fragen.'
'W... Was?'
'Der Junge. Nowa. Diese Alliiertenarmee, die er anführt, muss irgendwo ihre Basis haben.'
'Ich frage mich, ob Ihr wisst, <i>wo</i>.'
'Ich ... ich kann nicht ...'
'......'
'Also dann, bereiten wir das Team vor, das die Burg Harganthia stürmen wird.'
'Keine Sorge. Wir erledigen das blitzschnell.'
'Jap. Wir haben noch eine Rechnung mit diesem Erzwiedergänger-Dreckssack zu begleichen.'
'Ich kenne die Burg gut, und will Diradhe seine Quittung\nhöchstpersönlich übergeben. Aber du hast das Privileg,\nmich zu begleiten.'
'Ich gehe auch. Ich kann nicht zulassen, dass mein Untergebener wegläuft und sein Versprechen bricht.'
'SO EIN VERSPRECHEN HABE ICH NICHT GEGEBEN!'
'Der Skelettmann hat mir den Standort der Burg verraten.\nIch nutze also einen sogenannten Hinkelstein als\nOrientierungshilfe.'
'Ihr könnt euch sicher sein, dass das Teleportieren reibungslos ablaufen wird, perfekt, und ohne versehentlich im interplanaren Abgrund zu landen.'
'Wir können die Reise beginnen wenn du bereit bist.\nKommandant Nowa, gibst du Bescheid?'
'Bescheid.'
'Ich brauche noch einen Moment.'
'Ich brauche noch einen Moment.'
'Na schön. Aber beeil dich bitte. Das Reich wartet mit der Invasion sicher nicht mehr lange.'
'Na schön. Aber beeil dich bitte.'
'Hüterin Marisas Team ist bereit zum Aufbrechen. Sollen wir mit dem Ansturm auf Burg Harganthia beginnen?'
'Na dann los. Oh, und danke für deine Hilfe, Marisa.'
'Nicht der Rede wert.'
'Und los geht’s!'
'Versucht mich nicht aufzuhalten, Fleischsäcke!'
'Jetzt wäre ein guter Zeitpunkt, sich mit deinem neuen Meister gutzustellen.'
'Ich schließe mich dir an und bleibe beim Eingang, wenn du dein Team wechseln willst.'
'Und ich bringe meinen Laden mit.'
'Wen wählst du noch für die Mission aus, Marisa?'
'Damit das klar ist, ich würde gerne gehen. Aber die endgültige Entscheidung liegt bei dir.'
'So ist es.'
'Okay, Marisa. Wir zählen auf dich.'
'Wenn das funktioniert, ist es ein harter Schlag für den Dux.\nMöge das Glück mit euch sein.'
'Wir erledigen das.'
'Sind alle bereit fürs Teleportieren? Unser Ziel ist Burg ... ähm ... Hardisguarth.'
'... Ja?'
'Du weißt SCHON, wo wir hingehen, oder?'
'Keine Angst! Ich bin nie weniger als perfekt, also ...'
'*Uff* Heilige SCHEISSE.'
'Leben wir? Dieses Mal sind wir ziemlich ZIEMLICH oft abgedriftet.'
'Es ist gut. Alles ist gut. Ich mache keine Fehler.'
'Oh, Carrie, du bist ein absolutes Vorbild.'
'Ich bin mir ziemlich sicher, dass wir fast gest...'
'Vorbild! Sag es!'
'Außer du denkst, du kannst es besser? Ich könnte dich ...'
'Nein! Du hast es perfekt gemacht. Keine Beschwerden.'
'Das <i>ist</i> definitiv die richtige Burg ...'
'Aber Hardisguarth ist der <i>alte</i> Name der Burg.\nWoher wusste sie das?'
'Also, äh, die Burg <i>schwebt</i>, oder? Ich schätze, das liegt an der Runenlinse?'
'Richtig. Der magische Überfluss hält sie in der Luft.'
'Sie ist atemberaubend, nicht? Eine angemessene Residenz für den König der Wiedergänger!'
'Fortan bekannt als mein Untertan.'
'Vielleicht ist es in unserem besten Interesse, die Burg im Auge zu behalten, nachdem sie zurückerobert wurde ...'
'Hmm?'
'Nichts!'
'Wir können uns später darum kümmern.'
'Okay, legen wir los. Behaltet einen kühlen Kopf.'
'Poo poo bee!'
'Ha! Sagt die Person, die sich am ehesten ablenken lässt.'
'Missionen wie diese erfordern eine entspannte Herangehensweise.'
'Sagt der Typ, der so entspannt ist, dass sein Kopf den Boden berührt.'
'Ich bleibe hier und unterstütze dich. Sprich mit mir, wenn du das Team wechseln willst.'
'Und wenn du nach Nowa sehen willst, lass es mich wissen, dann schau ich auf einen Sprung vorbei.'
'Schnappt sie, Team!'
'Soll ich nach Nowa sehen?'
'Ja, könntest du das tun?'
'Nein, schon okay.'
'Nein, schon okay.'
'Na schön.'
'Ja, könntest du das tun?'
'Überlass das ruhig mir. Ich werde mit blendender Perfektion zurückteleportieren.'
'Sobald ich mich daran erinnere, wo ... Ah, ja! Jetzt erinnere ich mich.'
'Es freut mich, berichten zu können, dass die Burg Harganthia gestürmt wird.'
'Gut, denn welche Chance die Allianz hat, wenn Marisa scheitert, ist schwer einzuschätzen.'
'Wir sollten besser mit unseren eigenen Vorbereitungen weitermachen.'
'... Und so steht es mit dem Überfall auf die Burg Harganthia.'
'Wir haben selbst Arbeit zu tun, Nowa.'
'Ja, ich weiß.'
'Ich schätze, es wird Zeit, dass ich nach Marisa und den anderen sehe?'
'Bitte.'
'Nicht nötig.'
'Nicht nötig.'
'Oh? In Ordnung.'
'Ich schätze, ich bin die einzige Person, die neugierig ist ...'
'Bitte.'
'Na schön.'
'Nun seht zu, während ich eine <i>perfekte</i> Teleportation durchführe!'
'Nowa und die anderen machen gute Fortschritte bei der Vorbereitung zum Abfangen der Reichsarmee.'
'Ahhhh! Wie vorbildlich meine Sklaven arbeiten!'
'Schon wieder falsch, Untergebener. Du wirst noch lernen, dich unterzuordnen.'
'Nun, wir machen uns auch besser wieder an die Arbeit.'
'Ahhh, ein Gesicht, von dem ich nicht gedacht hätte, dass ich es nochmal sehe! Wäre er weise, hätte er einfach weitergeschlafen, anstatt sich wieder selbst zu unterwerfen.'
'Typisch für diesen Narren. Meinst du nicht?'
'Mar...kus... Mein König ...'
'Reicht es nicht mal wenn Jahrhunderte verstreichen, damit unsere menschlichen Verbindungen geschwächt werden?'
'Oder sind seine bloß ungewöhnlich stark?'
'Hmpf. Letzteres vielleicht. Ich schätze, man muss <i>wirklich</i> beharrlich sein, um auch dann noch für sein Königreich zu kämpfen, wenn man bereits eine Leiche ist.'
'Okay, was jetzt? Ich glaube, höher ist die Burg nicht.'
'Wir treffen uns wieder, alter Freund.'
'<shake duration=0.4 strength=17.5>Der Dieb, der meinen Thron geraubt hat, soll mich nicht als „Freund“ bezeichnen. An diesem Tag, räche ich mich, Diradhe!'
'Er ist nicht der einzige, der für Rache hier ist.'
'<shake duration=0.4 strength=17.5>Du wirst dafür bezahlen, was du unserem Dorf angetan hast!'
'Ich hatte die Sorge, dass du mit deiner Armee der Toten schon weg wärest, aber das funktioniert perfekt.'
'Zwei Fliegen mit einer Klappe.'
'Und was meinst du damit?'
'Wir können uns gleichzeitig um dich <i>und</i> die Runenlinse dieser Burg kümmern.'
'Das Glück ist heute definitiv mit uns.'
'Heh heh heh. Wie absurd. Es war ein dummer Fehler, mich und meine Liebste so zu überfallen ...'
'Und solche Dinge müssen bestraft werden.'
'Was zum ...?'
'Ah! Sie ist es ...!'
'Deine Sünden häufen sich an, Diradhe!'
'Sünden? Du meinst Liebe – das wirst du bald sehen.'
'Ich reiße dich in Fetzen!'
'Poo bee bee!'
'Gehen wir!'
'Wir haben es geschafft ...'
'Ja, irgendwie. Mann, die war wirklich übertrieben stark!'
'Nein! Was hast du getan?! Komm zu mir zurück, Liebling!'
'Konntest du nicht hören, wie ihre Seele nach Vergebung gebettelt hat? Als ihre Schönheit ... sich verändert hat und ihr Leben sich dem Ende zuneigte, wurde sie gegen ihren Willen an diese Welt gebunden.'
'Deine „Liebe“ hat ihr nichts bedeutet.'
'Denn was bedeutet das ewige Leben einer Person, die es ablehnt?'
'Nein! Nein, nein, NEIN!'
'Keine Sorge, Kumpel. Du wirst ihr bald folgen.'
'Obwohl ich glaube, dass du verlassen wurdest. Autsch.'
'Müsst ihr verfluchten Hüter euch IMMER in meinen Weg stellen?!'
'EntSCHULDIgung?'
'Du bist an einen Ort gekommen, an dem du nichts zu suchen hattest, und jetzt stirbst du ein für alle Mal!'
'Schnapp ihn dir, Mädchen. Zeig diesem Monster, wozu das Volk von Yarnaan fähig ist.'
'In der Tat, Diradhe. Du bist es nicht wert, durch <i>meine</i> Hand zu sterben.'
'Keine Sorge, Hüterin. Wenn du niedergestreckt wirst,\nwerde ich deine Leiche wiederbeleben und endlich\nunsere Rache ausüben!'
'Danke, aber ich glaube, ich mache es einfach beim ersten Mal richtig.'
'Poo poo poo poo beeeeee!'
'<shake duration=0.4 strength=17.5>Ich hatte dir ja gesagt, dass es vorbei ist.'
'Un...möglich ...'
'Du hast mein Zuhause beschmutzt!'
'Weißt du, was das für ein besonderer Ort war?! Ich hatte nichts! Niemanden! Yarnaan war <i>alles</i> für mich!'
'Und ich lasse nicht zu, dass du mir das wegnehmt!'
'Obwohl unsere Augen keine Tränen mehr vergießen, erinnern wir uns daran, was es bedeutet, ein Herz zu haben ... und Schmerz zu fühlen.'
'Nein ... Es gehört mir ... es hat schon immer nur mir gehört ...'
'Ich hole mir meinen Thron und meine Macht zurück.'
'N... Nein ... Bleib zurück! DU wirst mich nicht besiegen!'
'<shake duration=0.4 strength=17.5>AAAAAAAHH!'
'Lebe wohl, Übeltäter.'
'Deine Sünden waren zahlreich, aber ich werde nicht vergessen, dass ich dich einst als Freund bezeichnete.'
'Ist es vorbei?'
'Klingt so, als hättet ihr einiges durchlebt.'
'Diese Geschichte endete vor Jahrhunderten. Jetzt darüber zu reden, würde nichts ändern.'
'Was die Eifersucht berührt hat, hat sie zerstört. Sie kostete einen Mann seinen Freund und die Frau, die er liebte. Es ist das alte Lied.'
'......'
'Ist das die Urzeit-Linse?'
'Guten Morgen, Nowa! Melridge hat den Rat heute wieder einberufen, alle sind in der Großen Halle und blicken düster drein. Gib Gas!'
'Ich bin bereit!'
'Na schön, beginnen wir damit, unsere aktuelle Situation zu besprechen.'
'Großartig. Können wir damit anfangen, wie ich geredet habe, bis ich blau im Gesicht wurde, um diesen sturen Bock davon zu überzeugen ...'
'Du hast mich von gar nichts „überzeugt“. Ich bin hier, weil das Schicksal unserer gesamten Rasse auf dem Spiel steht.'
'Kommandant Nowa, schätze ich. Mein Name ist Lakían Arkathies Fawud.'
'Ich komme im Namen des Fawud-Klans und des elfischen Rats der Ältesten.'
'Wir wurden über die Runenlinsen-Forschung des Reichs, die Entführungen im Großen Wald und die entsetzliche Missachtung der Souveränität des Liga der Nationen informiert.'
'Die Elfen werden das nicht ignorieren. Wir wollen der Allianz beitreten.'
'Eure Stärke und euer Mut sind höchst willkommen.\nVielen Dank.'
'Okay, zollt mir niemand <i>irgendeine</i> Anerkennung?'
'Hier geht es nicht um dich.'
'Ich habe die Elfen gebeten, ihre Armee im Wald zu verstecken. Wir wollen dem Reich unseren Zug nicht zu früh präsentieren.'
'Es gibt andere kleinere Streitmächte im Territorium der Liga, die sich für die Allianz ausgesprochen haben.'
'Leider haben sich auch viele für das Reich ausgesprochen.'
'Ich habe es geschafft, eine große Anzahl an überlebenden Euchrissianer- und Norristari-Truppen hier in die Burg zu bringen.'
'Aber ich habe es nicht geschafft, mich um General Elektra oder Hauptmann Maxim – die in Athrabalt geblieben sind – zu kümmern, oder König Sallas, der aus der Stadt geflohen ist.'
'Die Generalin war so mutig.'
'Man munkelt, dass es noch andere Gruppen gibt, die sich weiterhin gegen das Reich stellen.'
'Leider bleibt uns nur noch wenig Zeit.'
'Wir sollten versuchen, uns vor unserem Kampf gegen das Reich mit möglichst vielen von ihnen zu verbünden.'
'Ja, es ist nie zu spät, es zu versuchen.'
'Ah, <i>da</i> verstecken sich also die alliierten Ratten.'
'So wie das aussieht, würde man gar nicht darauf kommen, dass sie es aus einer verlassenen Zitadelle erbaut haben.'
'Soll ich es unbeschädigt lassen, euer Gnaden?'
'Nein. Diese Burg wird bald ihr Grab sein.'
'Ich habe keine Verwendung für diesen Golgota.'
'Todesläufer, stehengeblieben.'
'Ich kann nicht glauben, dass diese sturen Böcke immer noch versuchen, gegen den Strom der Geschichte zu schwimmen.'
'Eine Burg voller Narren.'
'......'
'Soll ich einen Läufer schicken, der ihre Unterwerfung verlangt?'
'Wenn sie die Kapitulation im Sinn hätten, hätten sie das bereits getan.'
'Also greifen wir ohne Gnade an?'
'Gibt es etwas einzuwenden, General Goldwyn?'
'So wie ich das sehe, gibt es viele Kinder in der Allianz.\nMüssen wir so junge Seelen auslöschen?'
'Der General, der als Verteidiger des Reichs gefeiert wird, macht sich Sorgen um die Leben der Welpen, die ihre Zähne in sein Heimatland geschlagen haben?'
'Es ist Ihr Glück, General, dass Ihr Kaiser sein Urteil bereits gefällt hat. Ich vertraue darauf, dass Ihr gehorchen werdet.'
'Ich kenne meinen Platz.'
'Narungarde? Wo steckt deine bestialische Leiche?'
'Einen Moment.'
'Grüße, Dux Aldric. Es wird Euch freuen, zu hören, dass die Ratten, die in mein Zuhause gekrochen sind, jetzt Futter für meine Liebste sind.'
'Ihr könnt euch darauf verlassen, dass Eure Pläne ohne Störungen fortgeführt werden.'
'Das hoffe ich doch!'
'Keine Angst ...'
'Nicht schlecht. Willst du sicher nicht so bleiben?'
'Und der Welt mein unglaublich schönes Antlitz vorenthalten? Was für ein schrecklicher Vorschlag.'
'Zehn Punkte für unerschütterliches Selbstbewusstsein.'
'Ich bevorzuge auch das schroffe gute Aussehen meines Untertans ... und ich verdiene nur das Allerbeste.'
'Sehe ich es einfach nicht?'
'Das Reich hat definitiv lang genug gebraucht. Ich dachte, dieser Angriff würde deutlich früher kommen.'
'Beten wir einfach, dass die zusätzliche Zeit über den Sieger in diesem Krieg entscheidet.'
'Pooooo.'
'Jetzt müssen wir nur noch auf das Signal warten. Ich glaube, ich begebe mich zurück zur Burg. Der Rest bleibt dir überlassen, Marisa.'
'Was? Hey, das ist nicht fair!'
'Sie haben uns also gefunden.'
'Ja, aber nicht so schnell wie wir befürchtet hatten. Die Verzögerung hat uns Zeit verschafft, um ein paar letzte Vorbereitungen zu treffen.'
'Wo wir gerade davon reden, ich habe noch ein paar gerettete Soldaten „reingequetscht“.'
'Und im Training habe ich unsere neuen Rekruten besonders hart trainiert.'
'Wir haben die Truppen auch schon ausgestattet – aber nur sehr minimalistisch und zum Ärger meiner übermüdeten Handwerker und Händler.'
'Ich habe das magische Ritual vorbereitet, mit dem wir Marisa das Zeichen geben.'
'Es waren feine Anpassungen nötig, um sicherzustellen, dass die Botschaft richtig durch den Hinkelstein übertragen wird, aber ich bin so perfekt, dass ich es beim dritten Versuch geschafft habe.'
'Es wäre schwieriger gewesen, aber jemand hatte dort schon einen ähnlichen Brauch durchgeführt, also ...'
'Eine letzte Machtprobe gegen das Reich?! Ja, ich bin bereit für den KAMPF!'
'Schicken wir diese Schurken nach Hause, Cousin!'
'Aber wenn wir verlieren ...'
'Das werden wir nicht. Auf keinen Fall. Stimmt’s, Seign?'
'Stimmt. Dieses mal halten wir Aldric auf, komme, was wolle.'
'Manche sagen, dass Sieg und Niederlage zwei Seiten derselben Medaille sind. Ich sage, der Sieg gehört jenen, die am härtesten dafür arbeiten.'
'Wir haben es uns <i>verdient</i>.'
'Ja! Keiner kann uns jetzt noch aufhalten!'
'Wir ... schaffen das ...!'
'Der Feind bereitet noch immer seine Truppen vor. Zum Kampf kommt es frühestens morgen.'
'Nutzen wir diese Nacht, um Kraft und Mut zu sammeln.'
'Gute Idee!'
'Wir haben alles in unserer Macht stehende getan. Jetzt müssen wir nur noch siegen.'
'Und das werden wir.'
'......'
'Also, ähm, viel Glück morgen und all das.'
'Es wird ein sehr langer Tag, Nowa. Ruh dich etwas aus.'
'Du auch.'
'Ähm ... Meister Seign?'
'Ja, Yaelu?'
'Ich wollte mich nur nochmal dafür bedanken ... für die Rettung.'
'......'
'Das habe ich nicht verdient. Ich konnte deine Familie nicht retten. Und als Bürger des Reichs schulde ich dir noch viel mehr.'
'......'
'Deswegen ist es so wichtig, den Kampf morgen zu gewinnen.'
'Wir verteidigen die Leben von zahllosen Personen. Nicht nur aus deinem Dorf sondern aus der ganzen Liga der Nationen.'
'Außerdem müssen die Bürger des Reichs vor den Ambitionen eines Tyrannen gerettet werden ... und ich glaube, wir können das schaffen.'
'......'
'Das glaube ich auch.'
'Und ... ich bete, dass ihr sicher zurückkommt.'
'Wir brauchen alles Glück, das wir kriegen können, wenn wir den Tag überstehen wollen.'
'Mit jedem deiner Gebete fühle ich mich stärker.'
'Hmm?'
'Nowa?'
'AAAAH!'
'Hallo, Nowa.'
'Ich, äh ... also, tut mir leid, dass ich so reingeplatzt bin.'
'Reingeplatzt? Worein?'
'Nowa, erinnerst du dich an unsere erste Unterhaltung in den Runenhügeln?'
'Ja, das tue ich. Es war so ruhig – genau wie jetzt.'
'Aber sieh nur, wie stark sich unsere Leben verändert haben. Du bist vom Neuling bei der Wache zum Kommandanten der Allianz aufgestiegen und ich habe das Reich verlassen, um an deiner Seite zu kämpfen.'
'Ich schätze, es IST ziemlich merkwürdig.'
'Ich habe mir so viele Gedanken über alles Mögliche gemacht, dass ich vergessen habe, mich zu erinnern.'
'Ha! Nun, wenigstens hast du dich nicht besonders verändert.'
'Jetzt mischt du in einer anderen Liga mit, aber sonst? Eh.'
'Mehr als „Eh“ habe ich mich nicht verändert?'
'Als wir uns kennengelernt haben, dachte ich, mein Ziel im Leben sei Ruhm, Ansehen und das Leben für meine Familie.'
'Mein Vater setzte seine Hoffnungen in meinen großen Bruder. Als er auf dem Schlachtfeld starb, wurde meine Mutter von der Trauer überwältigt und sie verschloss sich komplett.'
'An diesem Tag beschloss ich, dass es Zeit war, durchzustarten. Ich habe so blind für mein Haus gelebt, dass ich sogar meine Klinge gegen dich erhoben habe, mein Freund.'
'Es ist, als wäre jede Entscheidung, die ich bis dahin getroffen habe, falsch gewesen.'
'Und jetzt weiß ich nicht mehr, wer ich bin.'
'......'
'Wirklich? Denn ich sehe dieselbe Person, die du immer warst.'
'Und was für eine Person wäre das?'
'Jemand mit diesem ...'
'Nun, ich schätze, man könnte es als Credo bezeichnen? Oder Glauben vielleicht. Werte nach denen du lebst, egal was kommt.'
'Ich habe es dir in den Hügeln angesehen, ich sah es, als wir in Eltisweiss kämpften. Und auch jetzt sehe ich es.'
'Ein Credo ...'
'Ja, ich meine, ich weiß nicht, was ich an dem Tag dachte, als ich Kyshiri verließ. Ich ... ging einfach fort.'
'Aber dass ich dann jemanden wie dich traf? Einen Mann mit\nZielen und Prinzipien? Es war atemberaubend, und ich habe\ndich dafür bewundert.'
'......'
'Also warum kämpfst du in diesem Krieg? Und sag nicht zum „Mitmischen“, denn wir wissen beide, dass es mehr ist.'
'......'
'Meine Mutter starb, als Leene und ich klein waren, also hat uns Vater großgezogen. Er hat sich ... um alles gekümmert.'
'Und dann, eines Tages, puff. War auch er fort. Einige Banditen überfielen das Dorf, er kämpfte gegen sie und ...'
'......'
'Als Kind konnte ich nicht verstehen, warum er das tat und ich hasste ihn sogar dafür.'
'Ich hasste, dass er es zu seinem Problem machte, obwohl er das nicht musste.'
'Ich meine, war das, was auch immer er erreichen wollte, <i>so</i> viel wichtiger als wir?'
'Ich wollte ihn unbedingt verstehen.'
'Ich verstehe.'
'Und hast du deine Antwort gefunden?'
'Heh. Ja. Wie sich herausstellt, bin ich ihm ähnlicher als ich dachte.'
'Ich wäre nicht hier, wenn er sich damals nicht eingesetzt hätte, mich, Leene und das Dorf zu beschützen.'
'Darum mache ich das jetzt auch.'
'Heh heh.'
'Nun, vergiss nicht, dass viele Menschen bereit sind, um für dich zu kämpfen.'
'Mich eingeschlossen.'
'Danke, Seign. Ich freue mich, dass du mir im Kampf morgen behilflich sein wirst.'
'Solange wir zusammenbleiben, werde wir nicht verlieren.'
'Nowa, ich muss gehen und mich für morgen ausruhen.'
'Das sollte ich auch.'
'Hast du Schlafstörungen, Kommandant? Es versteht sich von selbst, dass wir für morgen ausgeruht sein müssen, nicht wahr?'
'Ja, ich weiß ...'
'Melridge? Sag mal – und lüg mich nicht an.'
'Besteht die Chance, dass wir siegen?'
'Nun, ich schätze, du verdienst eine realistische Einschätzung unserer Chancen ...'
'Wenn jeder einzelne unserer Tricks klappt, schätze ich unsere Gewinnchancen auf 30 %.'
'30 %? Das ist ... wow.'
'Ja. Wow.'
'Soviel dazu – und ich sage das nicht nur so daher, um die Moral zu stärken, aber ...'
'Ich glaube, wir werden gewinnen.'
'Moment, wirklich?'
'Die Sache mit Menschen ist, dass sie sich nicht anhand von Zahlen und Informationen bemessen lassen. Für mich macht genau das die Faszination des Lebens aus.'
'Als Stratege schaue ich mir die Zahlen an, prüfe die Strategie und sage „30 %“.'
'Aber wenn ich mir anschaue, wie gut sich alle auf morgen vorbereitet haben – und wie entschlossen sie der Herausforderung ins Auge blicken – dann glaube ich etwas anderes.'
'Ich glaube, die <i>innere</i> Einstellung wird den Sieger ausmachen. Und wir haben die nötige Willenskraft und Überzeugung, um Erfolg zu haben.'
'Das ist meine Antwort – Ich spreche nicht aus der Sicht des Strategen, sondern als der Melridge, der hier vor dir steht.'
'Ich freue mich, dass du das gesagt hast.'
'Denn mich überkommt auch das Gefühl, dass wir siegen werden.'
'So soll es sein!'
'Ich sollte mich schlafen legen. Schließlich muss ich nicht nur den Schlachtplan vorbereiten, sondern auch die Siegesfeier.'
'Sie soll überragend werden.'
'Hey, Nowa! Du solltest bereits im Bett sein!'
'Heh. Tut mir leid, Lian.'
'Interessant. Sagt das Mädchen, das vor Aufregung nicht schlafen kann.'
'Pst, Mimi! Sag ihm das nicht!'
'Ah-HA! Gefangen im Lügennetz!'
'„Netz“? Nur eine kleine Lüge! Das ist nur ein <i>Faden</i> einer Lüge, wenn überhaupt!'
'Das Netz verdichtet sich.'
'Nein, man! Netzte verdichten sich nicht! Sie ... ich meine ...'
'Aaah ha ha ha!'
'Bwaaa ha ha ha!'
'Heh heh heh heh.'
'Lustig. Es kommt mir so vor, als hätten wir uns erst gestern zum ersten Mal getroffen.'
'So läuft das Leben. Die Zeit vergeht wie im Flug und eines Tages wundert man sich, wo sie geblieben ist.'
'Ja, das stimmt wohl.'
'Sag mal, Nowa? Nachdem wir morgen gewinnen und das Reich vertreiben, was machst du dann?'
'Darüber habe ich noch gar nicht nachgedacht.'
'Wiiirklich? Okay, dann hör mir zu. Wie wäre es, wenn wir eine neue Wache gründen? Wir könnten Monster jagen, den Räubern die eine oder andere Lektion erteilen – coole Dinge eben!'
'Ha ha ha! Das hört sich wirklich gut an.'
'Ja, nicht wahr? Mimi, bist du dabei?'
'Ich muss zuerst noch meine Reise beenden.'
'Buuuh!'
'Aber ich schätze, es schadet nicht, wenn ich erstmal mitkomme. Eine Verbindung wie unsere verdient das.'
'Ja?! Juhu! Jetzt müssen wir nur Garr überzeugen!'
'Ha ha ha ha!'
'Jetzt wo ich etwas habe, worauf ich mich freuen kann, lege ich mich hin. Unser großer Sieg morgen wartet.'
'Schlaft gut ihr beiden!'
'Sie wird sich niemals ändern.'
'Nein, wahrscheinlich nicht.'
'Und du auch nicht.'
'Du bist ein Fels in der Brandung und deshalb schließen sich dir so viele Leute an.'
'Du hast mich auf eine unglaubliche Reise als Schwertkämpferin mitgenommen, und dafür danke ich dir.'
'Oh, ich habe doch gar nichts gemacht.'
'Mmm. Nun, vielleicht lege ich mich auch hin. Meine Arme müssen sich vor dem Schwertkampf auch erholen.'
'Ja.'
'Wir werden gewinnen, Nowa.'
'Natürlich.'
'Oh, hey! Fast hätte ich es vergessen! Wenn wir unsere neue Wache gründen, werde ich den Titel des Anführers beibehalten.'
'Das steht außer Frage, Boss.'
'Das ist mein Junge!'
'Guten Abend, Nowa. Kannst du nicht schlafen?'
'Ich gehe eine Runde spazieren. Was ist mit dir, Hildi?'
'Ich habe alles für morgen gegengeprüft. In diesem wichtigen Kampf dürfen wir keinen einzigen Fehler machen.'
'Ja.'
'......'
'Nun, ich hatte meine Bedenken, als der Leutn... als <i>Seign</i> mir erzählte, dass er das Reich verlassen würde.'
'Mein ganzes Leben drehte sich um meine Militärlaufbahn und der Gedanke daran, Fahnenflucht zu begehen, war unvorstellbar.'
'Aber warum hast du es dann getan?'
'Weil ich dem Hause Kesling und Seigns Vater etwas schulde.\nSo bin ich letztendlich Seigns Beraterin geworden.'
'Er wirkte immer hin- und hergerissen ... sowohl, wenn er Missionen erledigte, als auch wenn er Dux Aldrics Befehle befolgte.'
'......'
'Ich glaube, er war ebenso hin- und hergerissen in seiner Entscheidung, zu desertieren. Aber als er es endlich tat, fiel ihm bestimmt eine Last von den Schultern.'
'Endlich konnte er für seine eigenen Ideale einstehen – und ich sah, wie ... glücklich er war.'
'Darum habe ich ihn unterstützt: Ihn so glücklich zu sehen, hat auch <i>mich</i> glücklich gemacht.'
'Ich schätze, wir sollten dir danken, dass du so einen guten Einfluss auf Seign hast.'
'Oh, da wäre ich mir nicht so sicher.'
'Nein, wirklich. Im Namen des Leutnants, erlaube mir, tiefsten Dank auszusprechen.'
'Du hast ihm gezeigt, dass er seinen eigenen Weg gehen kann. Du hast ihn befreit.'
'Ach, ich weiß nicht ... Ich meine, das klingt etwas ... Moment, wirklich?'
'Ich denke, ich gehe wieder an die Arbeit, Kommandant.\nBleib nicht zu lange wach.'
'Morgen erwarten wir dich in Höchstform.'
'Ja, Madam!'
'Sachte, sachte, General! Du übertreibst vor dem großen Kampf!'
'Hey, heh heh! Es braucht mehr als ’n paar Drinks, um den mächtigen Kogen zu stürzen! ... Ah!'
'Hey, Cousin! Hast du Lust auf eine kleine Party zur Einstimmung auf den Kampf?'
'Äh ...'
'Äh ja! Das würde er nicht mit uns machen wollen.'
'Hey, du verstehst keinen Spaß.'
'Hör mal, Cousin. Wenn ich morgen das Schlachtfeld geräumt habe, werde ich meinen Kopf zurückwerfen und laut aus dem Bauch heraus „GEWONNEEEEN“ rufen – und zwar nur für dich!'
'Heh heh heh. Im Ernst, Nowa. Wir haben keine Zweifel, dass du uns zum Sieg führen wirst.'
'Das steht praktisch fest. Heehee!'
'Drück uns die Daumen für morgen, Cousin – nicht, dass wir es nötig hätten!'
'Ah ha ha ha ha!'
'Das wird ein rauschendes Fest, wenn wir den Krieg gewinnen.'
'Ah, Nowa!'
'Alles in Ordnung, Euma?'
'Oh, ähm ... Ich glaube, ich bin so aufgeregt wegen morgen, dass ich kaum einschlafen kann.'
'Ich dachte, ein Gespräch mit Perrielle würde meine Nerven beruhigen, aber sie war nicht in ihrem Quartier.'
'Janquis wusste auch nicht, wo sie ist, also bin ich ins Grübeln gekommen ... Äh, also damit meine ich ...'
'Jaaa?'
'Sie ist ... Sie ist doch nicht etwa in deinem Quartier, oder?'
'Also da liegst du falsch.'
'Oh ...'
'Meine Güte, ich mache mir große Sorgen. Seitdem die Reichstruppen aufgetaucht sind, hatte sie diesen verstörten Gesichtsausdruck ...'
'Ich hoffe, es ist nichts Schlimmes passiert ...'
'Ähm, aber sie scheint dir zu vertrauen, also wenn du sie siehst, könntest du ihr Bescheid sagen?'
'Klar. Das mache ich.'
'Alles klar ... Uff. Ich bin so ein Trottel. Kein Wunder, dass sie mir nicht vertraut ...'
'Ich frage mich, wo Perrielle hingegangen ist ...?'
'Hey, Nowa. Na, schnappst du frische Luft? Es würde nicht schaden, ein wenig zu schlafen.'
'Ich arbeite daran.'
'Der morgige Tag besiegelt das Schicksal vieler Menschen.'
'Ich weiß, Garr.'
'Es ist eine große Verantwortung, aber ich werde sie tragen können.'
'Heh. Ich wusste, dass ich mir keine Sorgen machen muss.'
'Du musst nur tapfer sein, wie immer. Wir kämpfen bis zum letzten Atemzug für dich.'
'Danke, Garr.'
'Das kannst du sagen, wenn wir gewonnen haben.'
'Nichts lässt das Söldnerherz höher schlagen als ein Festmahl nach dem Sieg.'
'Also sollten wir jede Hilfe nutzen, die wir bekommen, ja?'
'Gute Idee.'
'Das verdammte Reich hat keine Chance. Nacht!'
'Oh, nun leg dich schon hin!'
'Meine Güte, das ist aber ein seltener Gast! Ich hätte nicht erwartet, dass Ihr hier hereinspaziert.'
'Eine junge Dame alleine im feindlichen Lager? Ihr habt Glück, dass meine Offiziere Euch entdeckt und gemeldet haben.'
'Bei einer Frau ist die Wahrscheinlichkeit geringer, als bei einem Mann, dass sie kurzerhand umgebracht wird.'
'Manchmal muss man durch die Hölle gehen, um sein Glück zu finden.'
'Was heißt das? Ihr wollt doch nicht etwa vorschlagen, dass wir aufgeben, oder?'
'Nein. Die anderen sind trotz aller Widrigkeiten entschlossen, morgen zu kämpfen.'
'Also was?'
'Ich habe keine Lust mehr auf die dummen Spielchen.'
'Ihr wollt allein aufgeben?'
'Bestimmt nicht. Ich würde mir lieber selbst die Beine brechen, als mich dem Dux zu unterwerfen.'
'Bitte, kommt einfach zum Punkt.'
'Im Chaos vor dem morgigen Kampf beabsichtige ich, einige meiner ältesten Diener mitzunehmen und zu fliehen.'
'Ich bin hierher gekommen, um sicheres Geleit zu erkaufen.'
'Wie lauten die Bedingungen?'
'Nach Beginn der Schlacht, doch noch bevor Kenan die Burg stürmt, brauche ich eine Garantie, dass wir unbeschadet durchgelassen werden.'
'Wir werden die anderen im letztmöglichen Moment im Stich lassen – und da Eure Truppen vor den Toren stehen, kann die Allianz nicht weiterkämpfen.'
'Ha ha! Nur Ihr besitzt die Frechheit, Eure Freiheit erkaufen zu wollen, obwohl Ihr mit leeren Händen zu uns kommt!'
'Das gesamte Vermögen des Hauses Grum ist in einer geheimen Schatzkammer in Eltisweiss versteckt. Es gehört Euch, wenn Ihr zustimmt.'
'Hmm. Ein verlockendes Angebot. Aber ...'
'Wenn Ihr das macht, wird der Ruf des Hauses Grum für immer geschädigt sein.'
'Ich muss wichtigere Dinge als Ruhm und Ehre schützen.'
'Sollen sie mich doch als Feigling bezeichnen. Wenigstens lebe ich, um es mit eigenen Ohren zu hören.'
'Hier. Der Siegelring des Hauses Grum – um das Angebot noch besser zu machen, wenn Ihr noch nicht überzeugt seid. Einverstanden?'
'Heh heh heh! Es ist kein Geheimnis, dass ihr Menschen immer euren Kopf aus der Schlinge ziehen wollt! Aber gut. Einverstanden.'
'Ich wünschte nur, ich hätte gesehen, wie der wehleidige Sallas Baelrant um sein Leben bettelt!'
'Bwaaa ha ha ha ha ha!'
'......'
'Ich habe die anderen weggeschickt. Es ist sicher.'
'Danke, dass wir uns so kurzfristig treffen konnten, General. Ich habe etwas, das ich Euch unbedingt zeigen wollte.'
'Ich hatte den Eindruck, das Haus Kesling sich mit Dux Aldric verbündet hat.'
'Als Herrscher des Hauses ist es meine Verantwortung für das Überleben meiner Familie zu sorgen.'
'Und trotzdem ...'
'Ihr habt Eure Meinung geändert.'
'Direkt vor der Nase des Dux’ habe ich die Hilfe einiger Adliger erbeten, die sich ihm widersetzen und einen Mitarbeiter des Nachrichtendienstes engagiert, um das ... in die Finger zu bekommen.'
'Was haben wir denn hier?!'
'... Ist dies echt?'
'Er konnte dieses eine Siegel vor dem Dux verstecken.'
'Ich muss wohl nicht erklären, dass es echt ist.'
'......'
'Ihr spielt mit dem Feuer, Craigh.'
'Vielleicht.'
'Aber egal für welche Seite er kämpft, mein Sohn bleibt mein Sohn.'
'Hey, Nowa! Brennst du schon für den großen Tag? Könnte sogar der wichtigste Tag unseres Lebens sein. Um den Druck nicht unnötig zu erhöhen, was ich bestimmt schon tue, werde ich jetzt einfach die Klappe halten.'
'Ja. Ich bin bereit.'
'Sie hat recht, weißt du. Das wird der wichtigste Tag unseres Lebens.'
'Alle haben sich in der Großen Halle versammelt. Kommst du?'
'Direkt hinter dir.'
'Das ganze Team ist da.'
'Entschuldigt, dass ich spät dran bin.'
'Das sieht Euch nicht ähnlich, meine Dame.'
'Ich musste ein paar Kleinigkeiten erledigen. Es gibt einfach so viel vorzubereiten.'
'Kommandant? Sollen wir den Befehl geben, loszuziehen?'
'Ja, es ist Zeit.'
'Noch nicht.'
'Noch nicht.'
'Wie du wünschst. Aber beeil dich.'
'Du bekommst doch nicht etwa kalte Füße, oder?'
'Alles in Ordnung, Nowa?'
'Schnell, Kommandant.'
'Bist du bereit, loszuziehen?'
'Ja, es ist Zeit.'
'Heute ist der Tag für unseren letzten Kampf gegen Dux Aldric und seiner Reichslegion.'
'Unser Schicksal wird sich an diesem Tag entscheiden, ebenso wie das Schicksal unzähliger anderer.'
'Dux Aldric versucht, die Macht der Runenlinsen für seine Pläne zu missbrauchen und opfert dafür unschuldige Leben.'
'Wir müssen ihn mit allen Mitteln aufhalten.'
'Schaut euch um! Wir haben Eltern, Kinder, Geschwister, Partner und neue und alte Freunde! Menschen, deren Heimat und Land in Gefahr sind – deren Ideale und Kulturen auf dem Spiel stehen!'
'<shake duration=0.4 strength=17.5>Jeder hier möchte etwas beschützen und wir kämpfen bis zum bitteren Ende dafür!'
'<shake duration=0.4 strength=17.5>Wir kämpfen gemeinsam! Und wir siegen gemeinsam! Um die Menschen und Orte zu schützen, die wir lieben. Holen wir den Sieg mit vereinten Kräften!'
'<size=-15><shake duration=0.4 strength=17.5>Seid ihr bereit, den Imperialen die Stärke der Allianz zu beweisen?!</size>'
'<shake duration=0.4 strength=17.5>Wir haben Tag und Nacht gearbeitet, um Waffen und Ausrüstung für euch zu besorgen und wir wissen, dass ihr sie gewissenhaft einsetzen werdet!'
'Und wenn euch das Frühstück schon gefallen hat, dann freut euch auf das Festmahl heute Abend!'
'Wir glauben an euch!'
'<shake duration=0.4 strength=17.5>Jawohl, wir kämpfen für den Ruhm ALLER Rassen!'
'<shake duration=0.4 strength=17.5>Die Feiglinge des Reiches haben keine Chance!'
'<shake duration=0.4 strength=17.5>Das ist unser Land! Es liegt an uns, es zu verteidigen und das werden wir auch tun!'
'<shake duration=0.4 strength=17.5>Brüder und Schwestern der Allianz ... AUF ZUM SIEG!'
'Heute findet die Liga der Nationen ihr Ende.'
'Glückwunsch, Euer Gnaden.'
'Ja, ein neues Kapitel beginnt.'
'Ja, das ist eine weitere Episode einer großen Geschichte, die sich mit dem Krieg fortsetzt. Kann ich auf deine Treue zählen?'
'Ich selbst, mein Schwert und mein Leben gebührt Euch,\nEuer Gnaden.'
'IN DEN KRIEG! IN DEN KRIEG!'
'ALLIANZ, ANGRIIIFFF!'
'JAAAAA!'
'Heh heh heh. Jämmerliche Narren. Was wollen sie erreichen mit der Hälfte, nein, <i>weniger als der Hälfte</i> unserer Männer?'
'Kein Wunder, dass diese Frau sich erniedrigen und schnell abhauen will! Aaah ha ha!'
'Sich erniedrigen ...?'
'Sie kämpfen bis zum Schluss für den König und das Land. Ich bete, sie verstehen, dass ich es ihnen gleichtue.'
'Stellt den Alde Dracare an die Spitze und rückt vor! Es ist an der Zeit, dass unser Feind das neue Gesicht des Krieges sieht!'
'Ich werde sie als Opfergaben auf dem verdammten Eroberungsaltar ausstellen!'
'Geht voran, meine unheiligen Leichen! Angriff!'
'Aaaaiiii! Der Drache!'
'Wenn wir keinen Weg finden, dieses Vieh auszuschalten, nützen all unsere klugen Vorhaben nichts, denn wir werden jämmerlich niedergestampft.'
'Können wir denn nichts tun?'
'Er wird die Stadt zerstören ...'
'Ich dachte, der verdammte Stratege hat einen Plan!'
'Er ... er ist da! Er steht uns bei!'
'Ohaaa. Was ist das, bekomme ich auch einen?!'
"""Ist das der <i>Dendriarch</i>?! Eee hee! Ich glaub's nicht!"""
'Bah! Wie kann eine einfache Rasse wie die <i>Baumhirten</i> so ein mächtiges Wesen einsetzen?!'
'Achtet nicht auf den Drachen! Weiter!'
'Gut, es ist Zeit. Gib das Signal, Janquis.'
'... J-Ja, meine Dame.'
'Das ist das Signal der feigen Frau. Immerhin weiß sie, dass ein hastiges Manöver ihr Schicksal nicht ändern kann.'
'Alarmiert die Truppen! Der Vormarsch wird kurzzeitig pausiert und sie sollen nicht angreifen!'
'Sofort, mein Herr. Da der Kampf bereits im Gange ist, werde ich persönlich hingehen, um sicherzustellen, dass ihr in diesem Chaos nichts zustößt.'
'Du machst dir zu viele Sorgen.'
'Man muss seine Versprechen an eine Dame einhalten, Majestät.'
'Was ist denn los, Heinrich?'
'Ähm, ich weiß nicht, Euer Gnaden. Die Kenani schreiten scheinbar nicht weiter vor.'
'Schreiten nicht vor? Was denkt Valmaurice ...?'
'Jetzt oder nie. Gib das Signal, Carrie.'
'Ähh ... okay! Das mache ich, weil ich total bereit bin.\nIch bin perfekt.'
'Und bumm. Ihr seid dran, Kinder.'
'Wie können sie es wagen, mich so lange auf die Folter zu spannen. Sogar ein großer Krieger wie ich verliert da allmählich die Fassung.'
'Wage es nicht, Untergebener. Du hast schon genug gelitten.'
'Ja, bringen wir es endlich hinter uns?'
'Du weißt, was zu tun ist, ja?'
'Natürlich. Alle Hüter kennen die Geheimnisse der Runenbuchstaben.'
'Nun gut. Dann mir nach – und richte alles auf die Urzeit-Linse aus!'
'Nein ... Nein! Was ist das für ein mieser Trick?!'
'Was ist passiert?! Und was zur Hölle ist dieses <i>Geräusch</i>?!'
'Die Wiedergängerarmee ist ... Sie zerfallen zu Staub!'
'Genau rechtzeitig. Der Fawud-Klan und die Elfen stehen hinter der Liga der Nationen!'
'Jetzt zeigen wir ihnen, wie treffsicher unsere Pfeile fliegen!'
'Schützen ... einspannen! Schützen ... ABSCHUUUSS!'
'Ich bin Elektra, Generalin der Armee von Norristar –\nund all meine Bemühungen finden ihren Höhepunkt\nam heutigen Tag!'
'Hört, Soldaten! Lange habt ihr unter den Demütigungen des Reichs gelitten und voller Inbrunst für euer Land gekämpft!'
'Aber gemeinsam werden wir euren Hass in einen tosenden Kampf bündeln! Heute trotzen wir jeglichem Widerstand und rächen unser geliebtes Athrabalt!'
'Machen wir die Schurken aus Kenan fertig! ANGRIFF!'
'Ein Hinterhalt?! Diese verfluchten Elfen! Diese verdammten Nachzügler!'
'Gegenangriff starten! Entsendet alle!'
'Das geht nicht, Herr! Die Soldaten haben gerade den Befehl erhalten, innezuhalten! Unsere Reihen sind im Chaos!'
'Setze diesem Tumult sofort ein Ende, Vorrdice!'
'VORRDICE?!'
'General Vorrdice ist an der Front, Herr!'
'Es werden Köpfe rollen! Bringt sofort Ordnung rein! Es ist mir egal, was dafür nötig ist!'
'Oh ja! Wuhh! Seht euch die Elfen an! Moment, ist das nicht ...?'
'General Elektra! Sie lebt!'
'Oh, ja, ja, jaaa! LOOOS!'
'Was zur Hölle PASSIERT da draußen?!'
'Die Wiedergängerarmee wurde ausgelöscht, Euer Gnaden. Außerdem sind unsere Truppen in einen Hinterhalt gelockt worden, von den Elfen und einer Kompanie von Norristari-Nachzüglern, die unter der Leitung von General Elektra stehen.'
'Es ist mir EGAL, ob sie in einen Hinterhalt geraten sind! Wir sind ihnen zahlenmäßig weit überlegen, also zieht los und schlagt\nsie nieder!'
'Euer Gnaden! Ich bitte um Verzeihung, Euer Gnaden, aber ...'
'JA?! Was JETZT?!'
'Krieger aus Kenan! Hiermit revidiere ich den Eid, den ich auf diese Hörner geschworen habe!'
'Darüber hinaus folge ich meinem Herzenswunsch und kämpfe für die Allianz!'
'Mein Feind ist Dux Aldric und sein verfluchtes Reich! Und wenn ihr tief im Herzen auch davon überzeugt seid, dann schließt\neuch meinem Siegeszug an!'
'Vorwärts, General Vorrdice! Wir zeigen diesen Galdeanern,\nwas Drachenkrieger drauf haben!'
'Diese widerlichen Drachenverräter!'
'Waffen bereithalten! Waffen bereithalten! Die Kenani haben sich gegen uns verschworen!'
'Was hat das zu bedeuten, Vorrdice? Du hast deinem König einen Eid geschworen!'
'Ich habe keinen König mehr.'
'Ihr habt behauptet das sich Lady Perrielle erniedrigt hat.'
'Als sie sagte, es gäbe wichtigere Dinge als Ehre und Ruhm zu schützen, habt Ihr sie verspottet.'
'Ihr würdet wahren Edelmut nicht einmal erkennen, wenn er Euch bei den Hörnern packen würde!'
'Erspare mir den Anflug deiner Persönlichkeitskrise!'
'Oh, das ist keine Krise.'
'Mit jeder Faser meines Seins schwöre ich Euch ab!'
'GRRRAAAAAAAHHH!'
'Diese Kenani-Echsen hatten tatsächlich die Frechheit, mich zu verraten ...'
'Aber warum gerade <i>jetzt</i>?'
'Sagt Bescheid! Ich will einen Generalangriff auf die Hauptstreitkräfte der Allianz starten!'
'Jeder soll wissen, dass eine großzügige Belohnung auf denjenigen wartet, der mir den Kopf des verdammten Jungen liefert, der die Befehle erteilt!'
'Ihr habt das Kommando, Goldwyn!\nIch befehle es im Namen Eures Kaisers!'
'Im Krieg geht es um Chancen: zur richtigen Zeit die richtige Chance nutzen.'
'Und die richtige Zeit ist jetzt gekommen!'
'Das würdet Ihr nicht wagen ...'
'Aldric, Ihr mieser Verräter! Eure Verbrechen kommen jetzt ans Licht!'
'Ihr habt den ehemaligen Kaiser ermordet und seinen Sohn entführt, um ihn für Eure Zwecke zu nutzen.'
'Eine Lüge! Welche Beweise habt Ihr?!'
'Ich halte hier einen Brief von Seiner Jungen Exzellenz persönlich.'
'Er wurde mir von diversen treuen Personen anvertraut, die es – unter großer Gefahr für Leib und Leben – geschafft haben, Eurem Überwachungsnetz zu entkommen.'
'Hört zu, Aldric! Auf Befehl Seiner Exzellenz Ishmal Fretranthys, Kaiser des galdeanischen Reichs ...'
'Wird der Mörder seines Vaters dem Schwert ausgeliefert!'
'Nein ... Nein, das darf nicht sein! NEEEIN!'
'Moment, schaut mal da drüben! Ist General Goldwyn wirklich ...?'
'Ist er! IST er! Der General wird mit uns kämpfen!'
'Ich glaube es nicht, aber du hast wohl recht.'
'Aber warum? Was ist passiert?'
'Erinnerst du dich, was ich dir gestern Abend erzählt habe, Kommandant?'
'Ich sagte, der Sieg hängt von der inneren Einstellung ab und deshalb werden wir Erfolg haben.'
'Ist es wirklich so einfach?'
'Höre nicht auf seine Worte, Nowa.'
'Du darfst niemals <i>irgendeinem</i> Schurken vertrauen, der eine Dame ins feindliche Lager schickt, um da das verängstigte Mädchen vorzugaukeln.'
'Stimmt. Ich weiß nicht, wie oft er mich ins Reichsterritorium geschickt hat, um den Nachrichtendienst auszuspionieren.'
'Und er bestand darauf, dass ich schäkern sollte, damit kein Verdacht aufkommt!'
'Wie bitte? Ich habe das WIRKLICH geglaubt!'
'Ihr könnt euch später beschweren. Aber wir müssen jetzt diese Chance nutzen.'
'Er hat recht.'
'Angriff auf die Hauptstreitkraft von Aldric! Voraaan!'
'Holen wir ihn uns!'
'Ihr miesen Würmer! GRAAAAAAAGH!'
'Wir schaffen das, Schwester! Wir gewinnen tatsächlich!'
'Ich ... ich weiß!'
'Ja, ein fulminanter Sieg liegt in der Luft! Weiter, weiter, weiter!'
'Wir dürfen nicht verlieren!'
'Es ist fast geschafft! Nur noch ein Manöver!'
'Wir werden gewinnen, weil wir alles geben!'
'Nein! So darf es nicht ausgehen!'
'Ihr WIDERLICHEN, NICHTSNÜTZIGEN MADEN! Ich lasse nicht zu, dass ihr Seiner Gnaden auch nur IN DIE NÄHE KOMMT!'
'Okay, wir haben es bis hierhin geschafft. Finden wir Aldric, um ihn auszuschalten.'
'Genau. Bringen wir es zu Ende.'
'Die Zeit spielt uns in die Karten, das müssen wir ausnutzen.'
'Stürmt seinen Kommandoposten. Wenn ihr den Dux niederschlagt, wird die gesamte Reichsarmee zusammenbrechen.'
'Viel Glück, Kommandant Nowa. Viel Glück, Leutnant Seign.'
'Wir müssen uns beeilen, Nowa.'
'Ich weiß. Alle zählen auf uns.'
'Wer wird dich sonst noch begleiten?'
'Mir nach!'
'Zum Sieg!'
'Ich bin bereit, zuzuschlagen! Was ist mit dir?'
'Zeig uns den Weg, Kommandant.'
'Es ist an der Zeit, die Sache endgültig zu klären.'
'Ha ha! Kein Druck.'
'Viel Glück ... mein Kommandant.'
'Die Armee der Allianz wird jeden Moment hier sein, Euer Gnaden. Wir müssen schnell den Rückzug antreten!'
'Hmpf.'
'Dafür ist es zu spät.'
'<shake duration=0.4 strength=17.5>Aldric!'
'Ach ja. Wenn es nicht der verräterische Kesling-Bursche und der Kommandant der mächtigen Allianz ist. Nowa, richtig?'
'IHR SEID HIER NICHT WILLKOMMEN!'
'<shake duration=0.4 strength=17.5>Wie schade – denn wir sind gekommen, um dich auszuschalten.'
'Du willst meinen Kopf, Bursche?'
'Aber ich verfolge ein größeres Ziel, denn ich bin derjenige, der diese Welt in ein neues und glorreiches Zeitalter führen wird.'
'Indem ich die Kräfte der Runenlinsen nutze, werde ich den Weg für eine bessere Zukunft aller Menschen ebnen.'
'Aber dafür müssen Unschuldige sterben!'
'Wir setzen deinem miesen Plan ein Ende, Aldric.\nDein Traum wird heute platzen!'
'Nowa! Seign!'
'Verzeih mir, Heinrich, aber du weißt, was ich fragen will.'
'Es gibt nichts zu verzeihen, Euer Gnaden. Ihr habt mein Leben gerettet und es gehört Euch. Ihr könnt damit machen, was Ihr wollt.'
'Ich werde diese treue und mutige Tat niemals vergessen.'
'Eine größere Ehre gibt es nicht.'
'<shake duration=0.4 strength=17.5>Komm zurück, Aldric!'
'KEINEN SCHRITT WEITER!'
'<shake duration=0.4 strength=17.5>Ich bin der Reichsgeneral Heinrich! Der LEIBWÄCHTER des Dux’! Das SCHWERT des Dux’! Und ich werde dich aufhalten, auch wenn ich dafür mit meinem KÖRPER, meinem LEBEN\nund meiner SEELE bezahlen muss!'
'Es geht ums Ganze, Seign!'
'Es geht ums Ganze, Nowa.'
'<shake duration=0.4 strength=17.5>GRAAAAAAAGH!'
'Schnell! Wir müssen Aldric schnappen!'
'<shake duration=0.4 strength=17.5>Rrrrghh ... Das lasse ... ich nicht zu! Die Linse, sie ... AAAAAAAAARGH!'
'Was passiert mit ihm?'
'Stammt das Licht von der Linse?'
'Ja ... Sie ist in meinem Körper ... unsagbare Kraft ...'
'In dir?'
'Eine Person ... könnte sie niemals kontrollieren ... ohne die Kraft der Linsen ...'
'Meine Liebsten ... meine arme Familie ... ich hätte niemals ... ich würde nie ...'
'Das Ziel des Dux ... ist gerecht ... Und ich werde nicht zulassen, dass ihr ihm in die Quere kommt!'
'<shake duration=0.4 strength=17.5>ICH GEHÖRE IHM!! JETZT UND FÜR ALLE EWIGKEIT!!'
'Er hat das Regul ausgeschaltet! Nichts kann die Magie mehr aufhalten!'
'LAAAUUUFT!'
'Aldric ist entkommen. Es tut mir leid.'
'Egal, die Reichsarmee ist auf dem Rückzug.'
'Warte. Meinst du ...?'
'Der Sieg ist unser!'
'Aber was ist mit dem Dux?'
'Dass General Goldwyn abtrünnig geworden ist, schlägt bereits Wellen in der Reichsarmee.'
'Der Dux weiß allerdings genau, was das bedeutet. Seine Macht wird er so niemals erhalten können.'
'Wir haben es geschafft! Wir haben alle in Sicherheit gebracht!'
'Ja. Haben wir. Ihr könnt mit erhobenem Haupt nach Hause gehen und euch feiern lassen.'
'Klasse! Kein Wein schmeckt so gut wie der aus dem Fass des Siegers!'
'Eine weitere perfekte Ankunft.'
'Wir haben es geschafft! Wir haben gewonnen!'
'Ohne dich hätten wir es nicht geschafft, Marisa.'
'Mein Name ist „Markus“.'
'Netter Versuch, Untergebener.'
'General Goldwyn!'
'Leutnant Seign Kesling! Ich bin dir zu tiefstem Dank verpflichtet.'
'Deinem mutigen Handeln verdanken wir, dass Aldrics verabscheuungswürdige Experimente und der Mord am Kaiser endlich aufgedeckt wurden.'
'Das ehrt mich, General.'
'<shake duration=0.4 strength=17.5>Ich freue mich so, dass du wohlauf bist, General! Wie hast du\ndas gemacht?!'
'Nachdem ich in Norristar Nachzügler zusammengesucht habe, bin ich im benachbarten Gebiet untergetaucht, bis der richtige Moment kam – das war schließlich die allerletzte Chance.'
'Bwa ha! Irgendwie habe ich das Gefühl, dass ein begabter Stratege das so wollte.'
'Kommandant Nowa? ICh würde mich gerne zusammen mit meinen gleichgesinnten Drachenkriegern der Allianz anschließen.'
'Ihr seid herzlich willkommen, General.'
'Aber warum schlägst du dich auf unsere Seite?'
'Lady Perrielle hat mich mit ihrem edlen Gemüt überzeugt. Wenn ich meine Taten beurteile und mich dagegen vergleiche, treibt es mir die Schamesröte ins Gesicht.'
'Die Allianz hat viele Kräfte und gute Ideale vereint. Ich glaube, das ist der Grund, warum wir gewonnen haben.'
'Ja, wir müssen weitere Kämpfe bestreiten. Aber vorher haben wir noch etwas zu erledigen.'
'Ach ja?'
'DAS wollte ich hören! <i>Wie viele</i> Tage muss ich jetzt schon hungern?'
'Er hat recht. Alle warten auf eine Sache.'
'Aber der Befehl muss von dir kommen, Kommandant.'
'Das Festmahl! Das Bankett! Das große Siegermahl!'
'Ich habe gehört, dass unten bereits viel angerichtet wurde.'
'Nun, ich will euch nicht aufhalten. Haut alle rein– und das ist\nein Befehl!'
'Kann ich helfen, General Vorrdice?'
'Ich fürchte, ich habe schlechte Neuigkeiten.'
'Was ist los?'
'König Sallas Baelrant ist im Gefängnis gestorben, nachdem er vom Reich gefangen gehalten wurde.'
'Der König ist ... tot?'
'Aber das kann nicht sein! Ich habe ihm ewige Treue geschworen ...'
'Möge er in Frieden ruhen.'
'Ich kann euch versichern, der Dux wollte, dass er verrät, wo eure Burg steht, aber er hielt bis zum Schluss dicht.'
'Durch sein Schweigen verzögerte sich die Ankunft der Reichsarmee um eine ganze Woche.'
'Vielleicht schämte sich der König für sein Verhalten während des Krieges und wollte es schließlich wieder gutmachen.'
'Wenn er nachgegeben hätte, wäre die Sache heute wahrscheinlich ganz anders ausgegangen.'
'......'
'Generalin ...'
'In Friedenszeiten kümmerte sich König Sallas stets um seine Untergebenen. Er war uns sehr verbunden.'
'Und dennoch hat er uns verlassen, als wir ihn so dringend brauchten ...'
'Aber der wahre König Sallas? Derjenige, an den ich mich erinnere?'
'Er war ein guter Mann.'
'Guten Abend, Nowa. Hast du genug vom Fest?'
'Sozusagen. Garr, Sabine und General Kogen haben die Party in vollen Zügen genossen.'
'Heh. Ja, klingt, als hätten alle eine gute Zeit gehabt.'
'Also ... Was führt dich her? Du hast sicher ein Anliegen, nicht?'
'Mir ist aufgefallen, dass ich mich nie angemessen bedankt habe.'
'Wofür?'
'Für den Gefallen, um den ich dich in Eltisweiss bat.'
'Du hast nicht nur eine Widerstandsarmee aufgestellt, sondern auch eine Heimat für viele von uns geschaffen.'
'Also, fürs Protokoll, sage ich: Danke, Nowa.'
'Äh ... natürlich? Ich meine, gern geschehen.'
'Aber dir gebührt ebenso Dank, Perry. Ohne deine Unterstützung hätte ich das alles nicht geschafft.'
'Also ... nun. Danke ebenso.'
'Hii hii!'
'Äh, Perry?'
'Erinnerst du dich daran, als ich sagte, du erinnerst mich an jemanden, den ich liebte? ... Ich nehme es zurück. Du bist ganz anders als er.'
'Hä? Was soll das bedeuten?'
'Ja, nun, ich wünsche gute Nacht. Morgen besprechen wir vor allen den Sieg, also solltest du schonmal an deiner Rede arbeiten.'
'Gute Nacht, Nowa.'
'Hey, konntest du die merkwürdige Person finden?'
'Nein. Es ist, als hätte er sich in Luft aufgelöst.'
'Das haben sie letztes Mal auch gesagt ... Haben wir es etwa mit einem Geist zu tun?'
'Ha ha ha! Ach komm. Wir müssen uns keine Sorgen machen.'
'Hey, konntest du die merkwürdige Person finden?'
'Naja, dieses eine Mädchen war mir unbekannt ...'
'Ein Mädchen, hm?'
'Ja. Sie ist blitzartig verschwunden. Konnte sie nicht richtig sehen.'
'Bist du sicher, dass es kein Geist war?'
'Vielleicht war es ein Geist, der beinahe real wirkte ...'
'Ähm. Dürfte ich um eure Aufmerksamkeit bitten?'
'Das ist keine Aufmunterung wie beim letzten Mal.'
'Ja, gut, da draußen warten auch nicht Millionen Typen, die uns umbringen wollen.'
'Das stimmt.'
'Durch eure Entschlossenheit, euren Mut und eure Tatkraft, konnten wir diesen mühseligen Kampf gewinnen.'
'Und wir versammeln uns heute hier, um gemeinsam zu feiern!'
'Ich freue mich einfach, dass wir überlebt haben.'
'Poo beeeee!'
'Obwohl der Kampf gewonnen ist, ist der Krieg noch nicht entschieden.'
'Dennoch können wir uns einen Tag nehmen, um zu feiern.'
'Hört, hört!'
'Kommandant Nowa? Möchtest du einige Worte zu unserem Sieg sagen?'
'Oh, äh ... ja.'
'Hals- und Beinbruch, Kindchen!'
'Heh heh ... Sieg, sagt er ...'
'Mal sehen, was passiert, wenn sie unachtsam sind!'
'<shake duration=0.55 strength=19>PERRY!!'
'Was ist passiert?! Wer war das?!'
'Los! Holen wir ihn!'
'Doktor, ist sie ...? Wird Perry ...?'
'Drei Tage sind vergangen!'
'Es tut mir wirklich leid.'
'Was? Nein. Nein, das darf nicht ...'
'Ich meine, sie darf nicht <i>sterben</i>. NEIN!'
'Ich habe alles getan, was ich konnte.'
'Die Pfeilspitze wurde mit einem seltenen Gift eingerieben und es gibt kein Gegengift.'
'Nein ... Das glaube ich einfach nicht ...'
'Das hat sie nicht verdient.'
'Nach all dem, was wir zusammen durchgemacht haben ...\nDas ist nicht FAIR!'
'......'
'Nowa, ich ...'
'Ist sie ...? Wird Perry ...?'
'Drei Tage sind vergangen!'
'Tut mir leid. Wir haben jeden Doktor gefragt, den wir finden konnte, aber ...'
'Was? Nein. Nein, das darf nicht ...'
'Ich meine, sie darf nicht <i>sterben</i>. NEIN!'
'Ich fürchte, die Pfeilspitze wurde mit einem seltenen Gift eingerieben und es gibt kein Gegengift.'
'Nein ... Das glaube ich einfach nicht ...'
'Das hat sie nicht verdient.'
'Nach all dem, was wir zusammen durchgemacht haben ... Das ist nicht FAIR!'
'......'
'Nowa?'
'Ist sie wach?'
'Meine Dame möchte mit dir sprechen. Kommst du rein?'
'Aber natürlich!'
'Oh, Nowa ...'
'Äh ... hey, Perry.'
'Meine Güte ... Du musst nicht so traurig gucken.'
'Warum hast du das gemacht? Warum hast du mich gerettet?'
'Es geht nicht immer nur um dich, Nowa. Ich wollte etwas ... Größeres beschützen.'
'Ich weiß nicht ...'
'Hoffnung, Nowa.'
'Ich wollte die Hoffnung wahren.'
'......'
'Aber warum ist das <i>deine</i> Aufgabe?'
'Ich weiß nicht. Warum ist es deine Aufgabe, für Menschen zu kämpfen?'
'Okay, aber ...'
'Vor einigen Jahren erlag mein Vater einer schweren Krankheit.'
'Als er verstarb, war ich unendlich traurig. Ich dachte, ich könnte niemals aufhören zu weinen.'
'Aber in dieser Nacht wurde mir etwas klar.'
'Obwohl mich mein Vater liebte, hat er mich niemals gelobt.\nNicht <i>ein einziges Mal</i>.'
'Nein, Eure Erhabenheit! Euer Vater ...'
'Ich weiß, Ymir. Ich weiß, Vater hat mich geliebt.'
'Und ich habe sehr gerne Zeit mit ihm verbracht.'
'Aber er wollte unbedingt einen Sohn ... Und diese Wahrheit sprach stets aus seinen Augen.'
'Er konnte sie sehr schlecht verbergen ...'
'Janquis ...'
'Ja, meine Dame?'
'Glaubst du, Vater würde mich jetzt loben?'
'J-Ja, meine Dame. Da bin ich mir sicher.'
'Gut ... Das freut mich.'
'Euma? Darf ich um einen Gefallen bitten?'
'Ein entfernter Verwandter des Hauses Grum benötigt einen Vormund. Kann ich auf deine Hilfe zählen?'
'J-Ja, natürlich. Ich gebe mein Wort!'
'Und ich werde Eltisweiss und die Länder von Grum\nzurückerobern und bis an mein Lebensende verteidigen!\nKeine Sorge!'
'Aber ... das spielt jetzt keine Rolle, weil Ihr Euch erholen werdet! Ich w-weiß es einfach! Ich ... *Schnief*'
'Danke.'
'... Nowa?'
'Ich bin hier, Perry.'
'Da ist er. Dieser Blick ... verrät mir, dass alles gut werden wird.'
'Aber ich bin so müde ... Ich muss mich jetzt ausruhen.'
'Ich bin so froh, dass wir uns begegnet sind, Perry.'
'Heh.'
'Janquis, kannst du etwas für mich tun?'
'Gewiss, meine Dame.'
'Könntest du meinen Kopf kraulen ... wie damals, als ich noch ein Kind war?'
'Dadurch konnte ich immer ... so friedlich einschlafen ...'
'Natürlich, meine Dame.'
'<shake duration=0.4 strength=17.5>GLÜCKSMÄDCHEN-ABWEHR!\nOH JA, ICH BIN DIE BESTE!'
'Was?! Was zur Hölle ...?!'
'Ich WUSSTE von Anfang an, dass dieser Typ ein Fiesling ist!\nAber er ist mir entwischt, also bin ich durch die ganze \nverdammte Burg gerannt, um ihn zu finden!'
'Attentäter!'
'<shake duration=0.4 strength=17.5>Er darf nicht entkommen!'
'Oh, das wird er nicht!'
'Perrielle? Nowa? Ihr könnt euch jetzt ausruhen. Der Attentäter wurde geschnappt.'
'Wir wussten, dass er aus seiner Zelle geflohen ist, aber wer hätte gedacht, dass er die ganze Zeit in der Burg herumschlich?'
'Ein hinterhältiger kleiner Feigling, nicht wahr?'
'Er wollte bestimmt noch einen Erfolg einstreichen, bevor er zum Dux zurückkehrt.'
'Deshalb hat er Nowa angegriffen.'
'Das war WIRKLICH knapp, Nowa. Du hättest tot sein können!'
'Ich? Was ist mit DIR?! Du bist vor mich gesprungen, als der Pfeil ...'
'Ich? Nein, du irrst dich. Sowas hätte ich nie getan.'
'Glaubst du, ich würde mein Leben geben, bevor ich Aldric sein Lächeln aus dem Gesicht schlage? Unsinn!'
'Heh. Recht hast du. Dennoch, ich freue mich, dass ihr beide wohlauf seid.'
'Ich stehe auf ewig in ihrer Schuld. Sie hat den Pfeil aufgehalten. Das ist deine ... Schwester, nicht?'
'Hey, das stimmt! Wie wirst du deine Schuld begleichen, Nowa?!'
'Nun, diese ganze Geschichte mit dem Attentäter hat mich\netwas aufgewühlt, also bleibe ich erstmal hier.'
'Bis du dich wieder dem Altertum hingibst, oder wie?'
'Du weißt Bescheid!'
'Ich bin wirklich erleichtert, dass du lebst, Kommandant.'
'Wir haben den Kampf gewonnen, aber wir müssen diesen Vorteil gut nutzen.'
'Ich stimme zu.'
'Wir müssen zurückholen, was uns genommen wurde.'
'Und das werden wir auch.'
'Mein König ... Ihr seid zurück ...'
'Mein König ... Mein Liebling ... Die Leichenburg ist <i>unser</i> Zuhause ...'
'Niemand darf passieren ...<autosubmit=2>'
'......<autosubmit=2.2>'
'<shake duration=0.4 strength=15>... schon gar nicht die lebendigen Schurken!<autosubmit=1.2>'
'Kann ich dich bitten, deine Ressourcen umzuschichten und unseren Vorrat dieser Materialien hier aufzustocken?'
'Zu welchem Zweck?'
'Zur Stärkung der Verteidigung der Stadt. Ich habe ein paar neue Maßnahmen entworfen, die uns im Kampf eine Chance geben sollten.'
'Meine Ideen können denen von Frau Iris nicht das Wasser reichen, aber ich habe angeboten, zu tun, was ich kann.'
'Ich habe auch geholfen! Normalerweise verschwende ich einen so scharfen Verstand wie den meinen nicht, indem ich ihn an <i>praktische</i> Dinge kette – ich meine, wo bleibt da die Kunst?!'
'Aber das hier ist für uns alle! Verdammt, es fühlt sich gut an, aus der eigenen Form auszubrechen.'
'Ich weiß dein Opfer zu schätzen.'
'Heh. Reich einer Architektin den Finger und sie nimmt den ganzen Arm.'
'Das ist alles sehr beeindruckend, aber was soll das Gerede vom Aufgeben? Du bittest um eine Menge Schwerstarbeit nur zum Heben einer weißen Fahne.'
'Wir wissen noch nicht, was passieren wird, also bereiten wir uns vor.'
'Ist das wirklich eine Debatte wert?'
'Sie hat recht, Gildenmeister. Ich breche mir lieber jetzt den Rücken beim Versuch, als es später zu bereuen!'
'Es ist gut möglich, dass wir unsere Rücken brechen <i>und</i> es später bereuen, aber wenn die Maßnahmen erforderlich sind, dann sage ich, tun wir’s, mein Herr.'
'Wenn es eine Chance gibt, dass die Maßnahmen erforderlich sind, mein Herr, dann sage ich, machen wir uns die Arbeit.'
'Ich weiß gar nicht, worüber wir diskutieren. Ein Auftrag kommt rein, wir erledigen ihn.'
'Es scheint den Aufwand wert zu sein? Überzeuge mich, dann breche vielleicht sogar ich in Schweiß aus.'
'Pah! Ich bin bereit, loszulegen, wenn ihr euch endlich mal entschieden habt!'
'Was ist hier los? Ich habe das Gefühl, ich bin gestolpert und in einer alten Erinnerung gelandet.'
'Na gut, na gut. Einspruch zurückgezogen. Gib mir einfach die Liste und ich schwöre bei der Ehre meiner Gilde, dass wir die Sache erledigen werden.'
'Ich weiß gar nicht, was der Aufstand soll. Sie haben ein Vorbild der Magie wie mich, das sich der Situation stellt. Da kann doch überhaupt nichts schiefgehen.'
'Jap, Zeit, dass die Guten die Bösen verkloppen! Das ist wie in diesem magischen Wälzer, den ich als Kind gelesen habe. Dunkle Lords, epische Kämpfe um das Schicksal der Welt – und die Bilder waren <i>so</i> toll! Ich konnte es kaum weglegen. '
'Für Kämpfe wie diese sind Zauberheldinnen geboren.'
'<shake duration=0.4 strength=17.5>Sprich deine Gebete, Dunkler Lord Aldric, denn Mellore wird dich kriegen!'
'In der Tat. Ich muss diesen Test ebenfalls überleben, sonst erreiche ich den erhabenen magischen Gipfel nicht, den ich anstrebe.'
'Aber komme was wolle, ich werde kämpfen, bis mein letzter Muskelpunkt aufgebraucht ist!'
'Das Alte Reich hat einen sehr ähnlichen Krieg wie diesen erlebt, aber die Zeit schritt voran.'
'Keine Sorge, meine Liebchen. Die schauerliche Magie, die ich damals einsetzte, wird uns auch durch das Jetzt begleiten.'
'Ich weiß nicht, zu <i>was</i> ich gut sein werde, aber ich bin bereit, meine mageren Talente so gut einzusetzen, wie ich kann.'
'Pah! Wenn ich erst mal die Herrschaft über den Thron habe, die ich anstrebe, wird keine Armee mehr gegen mich ankommen können.'
'Was wird aus uns, meine Dame? Man kann nicht vorhersagen, wie er sich entscheiden wird.'
'Oh, bitte. Das ist der einzige Teil, der offensichtlich ist.'
'Ihr seid euch so sicher?'
'Ich setze nicht auf verlierende Pferde, Melridge.'
'Der Junge wird die richtige Entscheidung treffen. Das weiß ich ganz sicher.'
'Sein edler Geist steht dem Euren in nichts nach, Gräfin Grum.'
'Oh, das ist zu freundlich, mein Herr.'
'Gut gesprochen. Ich glaube auch an ihn.'
'Also, wird der Kommandant kämpfen oder wird er einknicken?'
'Die wichtigere Frage ist, was <i>du</i> vorhast. Du wärst nicht der erste Söldner, der den Appell verpasst, wenn er die Schlacht verliert. Verdammt, es wäre dümmer, <i>nicht</i> wegzulaufen.'
'Die Sawads erfüllen ihre Verträge. Wenn Nowa den Kampf wählt, dann kämpfe ich, bis mich der letzte Tropfen Blut verlässt. Sollte ich mir Sorgen um dich machen?'
'Heh ... Zähl mich zu den Dummen. Selbst, wenn sich die Dame nicht auf mich verlassen würde – was sie tut ...'
'Nowa wird uns den richtigen Weg entlangführen. Er ist ein guter Mann.'
'Tja, wenn du dumm sein wirst, werde ich auch dumm sein. Ich werde der Letzte sein, der noch steht, wirst schon sehen!'
'Ich weiß, dass ich mich nicht den ganzen Weg übers Meer geschleppt habe, nur damit ich dann den Schwanz einziehe und weglaufe.'
'Ich bin zum Essen hier, und dieser Kampf ist der Hauptgang.'
'Ich muss dem Tod nicht ins Gesicht sehen, um mich lebendig zu fühlen, aber ich werde nicht die ganzen tollen Leute im Stich lassen, die ich hier kennengelernt habe.'
'Wenn du bleibst, Sabine, bleibe ich auch.'
'Ich weiß. Ich zähle dich zu den guten Männern.'
'Heh. Redet ruhig weiter darüber, wenn ihr wollt. Ich gehe meine Klinge polieren, bis sie wie ein Spiegel glänzt.'
'Ha ha ha! Keine Sorge! Nowa wird die richtige Entscheidung treffen. Ich glaube, ich weiß, wie ich meine Kreiseliere auszuwählen habe.'
'Ja, Doc! So ein Toprivale wie er wird einer Herausforderung auf keinen Fall den Rücken zudrehen!'
'Ich bin oft genug gegen den Kerl angetreten, um zu wissen, dass er sich nicht falsch entscheiden wird.'
'Seht euch nur mal an, was er alles für meine kugelrunden kleinen Lieblinge getan hat! Nowa wird immer für uns da sein.'
'Genau. Das ist der ganze Grund, warum wir hier sind.'
'Die Geschichte ist eine Bühne, wir sind die Schauspieler und niemand kann sagen, wo uns der letzte Akt hinführen wird.'
'Doch wie sich der Höhepunkt anbahnt, spüre ich immer deutlicher, dass unsere Geschichte glücklich enden wird.'
'Ki hi hi! Er wird es tun. Das wird er. Ich habe es in seinen Augen gesehen.'
'Ich sollte gar nicht hier sein. Ich habe Medaillen anzufertigen! Eine für Nowa, eine für ihn, eine für sie – ach, wir können ALLE eine kriegen!'
'Was gäbe es für einen größeren Erfolg, als die Reichsarmee zu besiegen!'
'Ich glaube, wir alle brauchen ein schönes heißes Bad, um unsere Köpfe freizubekommen. Ihr werdet schon sehen!'
'Papa, ich habe Angst ... Werden wir sterben?'
'Was? Ha! Wir sterben nicht, meine Süße. Nicht, solange ich noch hüpfen kann. Glaubst du mir nicht? Dann packen wir alles zusammen und gehen sofort, ja?'
'Lüg mich nicht an ...'
'Hm?'
'Eltern glauben oft, dass ihre Kinder zu jung sind, um es zu verstehen, aber sie tun es.'
'Komm schon, Garoo. Sie weiß, dass du nicht weglaufen wirst.'
'Hey, mischt euch nicht ein, ja?'
'Es ist in Ordnung, Allaby. Ich werde auch nicht zulassen, dass sie dich verletzen. Wir schaffen das.'
'Dein Papa wird nicht weglaufen, weil er auch nicht vorhat, zu verlieren.'
'Okay, kann ich jetzt wieder die Rolle des Elternteils einnehmen oder was?'
'Du hast so ein Glück, Papa. Nicht jeder hat so tolle Freunde.'
'Du wirst nicht weglaufen.'
'Hör zu. Du stehst für mich an erster Stelle. Ich werde <i>nicht</i> zulassen, dass dich irgendwer verletzt. Aber ... vor manchen Kämpfen kann man nicht weglaufen.'
'Ich weiß. Ich hab dich lieb, Papa.'
'Eure Majestät ... Was wird mit uns passieren?'
'Etwas? Ich weiß nicht.'
'Was immer Kommandant Nowa auch entscheidet, ich werde nie aufhören, darum zu kämpfen, Euchrisse wiederzugewinnen und Eurer Majestät den Thron zurückzugeben.'
'Ich auch nicht!'
'Vielen Dank ... aber ich glaube nicht, dass es so weit kommen wird.'
'Perrielle glaubt an Nowa. Sie weiß, dass er nicht so schnell einknickt.'
'Jawohl, dem Jungen steht die Stärke im Widerwillen ins Gesicht geschrieben.'
'Vielleicht, ja.'
'Eines Tages wird sie erkennen, dass das auch für mich gilt.'
'Stress, Stress, Stress ... Es gibt so viel zu tun! Die Truppen werden eine herzhafte Mahlzeit brauchen, bevor sie sich in so einen wichtigen Kampf begeben ...'
'Und vergessen wir nicht das Siegesfestmahl! Ich habe keine freie Sekunde übrig, wenn diese Tische voller Braten und Kuchen und allem anderen sein sollen.'
'Keine Sorge, ich bin bereit, meine kulinarischen Muskeln einzusetzen. Das Einzige, worauf sie hinterher Appetit haben werden, ist noch mehr Sieg.'
'Manchmal ist alles, was man braucht, um ein Blatt zu wenden, eine großartige Mahlzeit im richtigen Moment.'
'Mh-hmm. Man ist, was man isst, also müssen wir dafür sorgen, dass sie nur das Beste serviert bekommen.'
'Eins muss man Nowa lassen: Der Junge gibt niemals, <i>niemals</i> auf. Und das bedeutet, dass wir alles geben müssen, um ihm zu helfen.'
'Dann fange ich besser an, mein köstlichstes Gemüse rauszusuchen.'
'Halt dich fest, während ich dir das FABELHAFTESTE Wild fangen werde, das deine hübschen Augen je gesehen haben.'
'Gut ... Ich schnapp mir meine Angel und geh ans Wasser.'
'<shake duration=0.4 strength=17.5>Schneller, Kumpels! Beeilt euch! Unsere letzte Prüfung ist so\nnah, dass ich sie riechen kann!'
'Aye, wirklich. Nowa hat uns im Sand seine Tapferkeit bewiesen. Er wird sich jetzt nicht falsch entscheiden. Wir müssen bereit sein, sobald der Befehl eintrifft.'
'Wir kämpfen nicht nur für ihn, sondern für unsere eigene Zukunft!'
'Ich bin Nowa zu riesigem Dank verpflichtet. Mein Speer wird für ihn tanzen, wie es noch nie jemand zuvor gesehen hat.'
'Ich erkenne einen alles entscheidenden Kampf, wenn ich ihn sehe. Und dieser aufgehende Stern wird seinen Schwanz nicht einziehen.'
'Weglaufen ist, was andere Zwerge tun ... aber nicht ich.'
'Ja, heh! Dem Bösewicht steht eine miese Zeit bevor, denn ich habe eben das ultimative Deck zusammengestellt!'
'Na dann, ein Gedicht?\n„Mit der Hoffnung aller in uns’ren Herzen\nvermag kein Tyrann, sie auszumerzen.“'
'Leute, Leute! Keine Sorge. Nowa wird nicht das Handtuch werfen. Darauf verwette ich meinen ganzen Werkzeugkasten!'
'Wir sollten gleich anfangen, unsere Vorräte aufzufüllen.'
'Gute Idee. Ich schicke diese baumfällenden Arme an die Arbeit und karre mehr Holz zurück, als wir jemals brauchen könnten!'
'Das musst du mich nicht zweimal fragen! Ich hol dir so viel Erz, dass du kaum noch Fels von Stein unterscheiden kannst!'
'Ja, okay ... Du wirkst etwas überdreht. Ich meine, ich sag ja nicht, dass wir nicht gewinnen werden, denn das werden wir, aber ...'
'Hey, braucht jemand eine Taschenreparatur? Wenn du zum Sammeln rausgehst, willst du nicht der einzige traurige Sack mit ’nem Loch in der Tasche sein.'
'Wir haben vielleicht nicht viel Zeit. Ich glaube, ich werde versuchen, noch ein paar Runen aufzutreiben.'
'Whoa, Mädel! Lass deinen Kumpel Dijkstra nicht im Staub stehen. Wo du hingehst, folge ich!'
'Ich wusste vom ersten Tag an, als ich Nowa kennenlernte, dass man ihm vertrauen kann. Als mein Bruder und die anderen Dorfkinder in Schwierigkeiten waren, hat er sich uneigennützig die Mühe gemacht, zu helfen.'
'Er wird dieses Mal auch nicht nachgeben – und ich auch nicht!'
'Wenn sich Nowa ins Getümmel stürzt, werde ich an seiner Seite stehen!'
'Soll dieser imperiale Abschaum doch zehn, nein, hundert Legionen auf uns hetzen. An der Reyna und ihrer Dunkle-Ritter-Verteidigung kommen die nicht vorbei!'
'Keh heh ... meine Runenlinse schmerzt ... sie schreit nach dem Kampf!'
'Ich werde auch für den Kampf bereit sein. Für die Leben aller Soldaten, die verwundet werden.'
'Oder wir könnten uns einfach <i>nicht</i> direkt in die Gefahr stürzen, aber das wäre ja vernünftig. Sorgt einfach dafür, dass alle am Leben bleiben! Mit dem Rest kann ich umgehen.'
'Ich werde zum Heilen da sein, damit ihr euch auf das Wichtige konzentrieren könnt ...'
'<shake duration=0.4 strength=17.5>Nämlich darauf, die Imperialen in hässliche kleinen Stücke zu reißen! JA?! SOLLEN DIE NUR KOMMEN!'
'Ich bin der glänzende goldene Krieger! Wenn ein Kampf ansteht, verstecke ich mich nicht in den Schatten.'
'Sí, was du siehst, ist der Glanz eines wahren Helden! Und nichts anderes ist Nowa auch!'
'Heh, dieser Grünschnabel hat sich schon entschieden.\nUnd wenn er mir sagt, ich soll meinen Speer singen\nlassen, dann tue ich das.'
'Ho ho ho. Vielleicht lasse ich ein paar echte Funken fliegen wie in alten Zeiten.'
'Marin, du weißt, dass ich dich nie in Gefahr bringen würde. Aber das hier ist ein Kampf, den wir nicht vermeiden können.'
'Ich weiß, Wyler. Wir halten zusammen und helfen unseren Freunden.'
'Danke. Ich schwöre bei meinem Bogen, egal, was uns in die Quere kommt, ich bringe dich und die ganze Allianz da durch.'
'Sie werden Läufer brauchen, und ich bin bereit zu laufen, laufen, <i>laufen</i>! Gebt mir einfach eine Botschaft und ich rase dahin, wo sie hin soll!'
'Das Schicksal hat mich an seinen Bogen gespannt, und ich bin bereit, zu fliegen ... Aber werde ich mein Ziel finden?'
'B’baba, gib uns eine Vision! Was wird mit uns passieren?'
'Eine Vision? Wofür denn, Kind? In deinem Herzen sollte es keine Frage sein, wem der Sieg gebührt.'
'Ich habe mein Dorf verlassen, um die Außenwelt zu sehen ... aber so sehr dieser Ort mein Herz auch bewegt hat, kann ich nicht sagen, dass jeder Tag ein guter war.'
'Trotzdem habe ich gelernt, dass es da draußen gute Leute gibt, wenn man nur sucht. Einer von ihnen ist Nowa, aber es gibt\nnoch so viele mehr.'
'Und wenn es sich nicht lohnt, für diese Leute zu kämpfen,\nwofür dann? Ich werde mit allen Mitteln kämpfen, um sie\nzu beschützen! Looos, Allianz! Looos, Allianz!'
'Die Kraft des Steinlöwen steht euch bei! Ich bin nicht umsonst der mächtigste aller Bestienkrieger geworden! Looos, Allianz!'
'Ooh! Ooh! Ich werde auch helfen! Looos, Allianz!'
'Zvooort ... zwo-vort!'
'Groaaar ... ro-roar!'
'Skreee ... kee-kee!'
'Oh, das sieht spaßig aus. Looos, Allianz! GAK GAK GAK.'
'Na gut ... Wenn ich will, dass alle geschützt bleiben, sollte ich für ein paar neue Vorräte sorgen. Frida wird ihre Truppen nicht mit zu wenig Rüstung lossschicken!'
'Ich bleibe Tag und Nacht an der Schmiede stehen und hämmere die Waffen, bis mir die Arme abfallen, wenn es sein muss!'
'Ich werde bestimmt die glänzendste und auffälligste Sammlung an Schmuckstücken auftreiben, die es gibt.'
'Sagt mir, was ihr braucht und ich kümmere mich darum. Vielleicht berechne ich sogar etwas weniger!'
'Wenn es je eine Zeit gab, die Vorräte gefüllt zu halten, dann ist es jetzt. Dafür werde ich sorgen, oder ich sei verdammt!'
'Besorgt mir einfach weiter die Linsen und ich bringe sie zum Schnurren!'
'Packen wir’s an!'
'Es gibt Arbeit zu tun!'
'Legen wir los!'
'Packen wir’s an!'
'Lass mich das übernehmen!'
'Ich bin bereit!'
