'Buahaha! Das war erbärmlich! Du dachtest, du könntest mich\nmit diesem kleinen Spielzeug besiegen? Zer-stört!'
'Nein! Mein Kreisel!'
'Wenn du Rache willst, dann solltest du besser werden! Nicht, dass du je die Kraft haben wirst, mich auszukreiseln. BUAAAHAHAHA!'
'Mann, ich bin so erbärmlich ... Ruhe in Frieden, Absolute Zero!'
'Was hatte das denn zu bedeuten?'
'Ich wurde gerade in Beigoma besiegt, sonst nichts.'
'Und was noch schlimmer ist, der Typ hat meinen Kreisel in Stücke gehauen!'
'Armer Zero ... Der Kleine war immer für mich da, durch dick und dünn ...'
'Moment. Was ist denn „Beigoma“?'
'......'
'Warum? Willst du mit uns kreiseln?'
'Äh, vielleicht?'
'Nicht unbedingt.'
'Äh, vielleicht? Ich bin ein bisschen neugierig.'
'Dann solltest du zum Kreiseldoktor gehen! Zu seiner Villa geht’s hier lang. Dr. Corque wird dir <i>alles</i> beibringen, was man über Beigoma wissen muss.'
'Ich gehe auch dorthin, um Zero zu rächen. Wir sehen uns, vielleicht.'
'Tut mir leid. Nicht unbedingt.'
'Hm ... Und doch werde ich das Gefühl nicht los, dass wir uns wiedersehen werden ...'
'Nun, wenn du deine Meinung änderst, solltest du dem Kreiseldoktor einen Besuch abstatten. Seine Villa ist da oben.'
'Dr. Corque wird dir <i>alles</i> beibringen, was man über Beigoma wissen muss.'
'Ich gehe auch dorthin. Ich kann nicht zulassen, dass Zeros Tod ungerächt bleibt ...'
'Ah! Wenn das nicht unser frischgebackener Kreiselier ist! Ich heiße dich willkommen, Nowa.'
'Frischgebackener was bitte?'
'Kreiselier natürlich! Unter meiner Anleitung wirst du mächtige Feinde herausfordern und die tieferen Wahrheiten des Beigoma-Kreisels entdecken.'
'Kreisel haben ... tiefere Wahrheiten?'
'Oh, allerdings! Ein Beigoma-Duell ist nicht weniger als ein Kampf zwischen menschlichen Willen.'
'Wenn du einen Kreisel drehst, sind seine unerklärliche Bewegungen ein Ausdruck des eigenen Willens des Kreiseliers. Der Kreisel drückt sozusagen den Weg des Lebens selbst aus!'
'Äh ...'
'Du meinst wirklich, dass diese kleinen Kreisel eine solche Macht haben?'
'Lass es mich so ausdrücken: Du bist ein Mann, der von allen möglichen alltäglichen Ängsten und Sorgen geplagt wird, ja? Ein Kreisel kann dir diese Sorgen nehmen. Wie, fragst du?'
'Weil der Kreisel ein Ausdruck deines innersten Willens ist!'
'Mein innerster Wille ...?'
'Also, wähle deinen Lieblingskreisel aus diesen drei Varianten.'
'Und dann stürzt du dich in ein Beigoma-Duell – einen Kampf der stürmischen Leidenschaften, der der ganzen Welt deine innere Stärke zeigen wird!'
'Ok, alles klar.'
'Moment, was? Du willst das tatsächlich befolgen?'
'Als ich die Kreisel gesehen habe, spürte ich, dass ihnen eine mysteriöse Kraft innewohnt.'
'Und deshalb ist es dein Schicksal, den Weg eines Kreiseliers einzuschlagen!'
'Du hast drei Kreisel zur Auswahl: einen Feuerkreisel, einen Wasserkreisel und einen Windkreisel.'
'Wähle deinen ersten Partner!'
'Den Feuerkreisel.'
'Den Wasserkreisel.'
'Den Windkreisel.'
'Ich wähle den Feuerkreisel!'
'Ah! Dich treibt also deine brennende Leidenschaft an. Eine hervorragende Wahl!'
'Ich wähle den Wasserkreisel!'
'Ah! Unaufhaltsam wie der Fluss, der ins Meer fließt! Du hast eine gute Wahl getroffen, Kreiselier!'
'Ich wähle den Windkreisel!'
'Ah! Begierig, deine Feinde umzuknicken wie ein Sturmwind. Du hast ein gutes Auge. Möge er dir gute Dienste erweisen!'
'Und was jetzt?'
'Zuerst solltest du deinem Partner einen Namen geben. Sozusagen als Zeichen des Respekts.'
'Einen Namen, hm? Nennen wir ihn ... Wirbelnder Friede!'
'Oh, sehr schön. Nun zu deinem ersten Duell! Und wie das Glück es so will ...'
'Ha, ich wusste, dass du auftauchen würdest! „Bereit zum Kreiseln“ steht dir geradezu ins Gesicht geschrieben.'
'Oh, du bist es wieder.'
'Ich bin Reid – ich bin ebenfalls ein Beigoma-Seelensucher.'
'Und du kommst gerade zur rechten Zeit. Bereit, unseren aufkeimenden Kreiselier im Kampf auf die Probe zu stellen?'
'Es ist mir eine Ehre. Man lernt einen Kreisel erst dann kennen. wenn man ihn in Aktion gesehen hat. Was meinst du, wie sich deiner drehen wird?'
'Ich habe keine Ahnung.'
'So, wie mein Herz es ihm befiehlt!'
'Ich habe keine Ahnung.'
'Nun, immerhin hast du ihn eben erst ausgewählt.'
'Aber ich bin bereit, ihn zu drehen und zu sehen, was mein Herz zu sagen hat!'
'So, wie mein Herz es ihm befiehlt!'
'Heh. Große Worte für jemanden, der seinen ersten Kreisel vor 30 Sekunden ausgesucht hat. Aber ich respektiere das.'
'Danke. Aber wie wär’s, wenn wir den Kreiseln das Reden überlassen?'
'Das will ich hören. Los geht’s!'
'Aber nur, dass du es weißt: Ich habe jeden Angriffswinkel genau berechnet, wie viel Schnur ich nutzen muss, all das ... und ich werde zu 100 % den Boden mit dir aufwischen.'
'Hättest du wohl gerne! Nichts ist sicher, bis die Kreisel gedreht sind!'
'Dann bereite dich darauf vor, die Stärke von Neo Absolute Zero zu erleben!'
'Los geht’s, Wirbelnder Friede!'
'Zeit für Beigoma. Bereit zum Kampf!'
'Drehen wir!'
'Unmöglich ... Ich habe verloren?! Ich muss einen Fehler bei meinen Berechnungen gemacht haben!'
'So werde ich Zero niemals rächen!'
'Reid, du machst immer noch die ersten Schritte als Kreiselier. Was du brauchst, sind Fleiß und Konzentration.'
'Das weiß ich, Doc ... aber trotzdem! Warte nur, Nowa. Ich werde neue Berechnungen anstellen und dich nochmal herausfordern!'
'Das war das letzte Mal, dass du mich besiegt hast!'
'Reid ist nicht der einzige Kreiselier, gegen den du antreten wirst. Kreiselfans findest du überall auf der Welt.'
'Finde sie. Tritt gegen sie an! Denn die Straße zum Sieg führt zur größten Wahrheit des Beigoma – abgesehen von einem spektakulären Schatz!'
'Ich gebe mein Bestes, Doc!'
'Und das war’s. Ich hab doch gesagt, dass meine Berechnungen perfekt sind.'
'Dieses Beigoma ist echt ziemlich komplex ...'
'Aber hallo. Man kann kaum erwarten, dass ein Neuling wie du sein erstes Duell gewinnt. Aber du hast dich gut geschlagen, und das zeigt, dass du Talent hast.'
'Wenn du eine Revanche willst, sag Bescheid. Ich werde nicht nein sagen!'
'Du willst eine Revanche? Die kannst du jederzeit haben, egal wann, egal wo. Aber ich warne dich: Meine Berechnungen sind so fehlerlos wie eh und je!'
'Los geht’s ... Bereit zum Kampf!'
'Drehen wir!'
'Jaa! Mein Drachenzahn gewinnt schon wieder!'
'Mann, unfair ... Beim nächsten Mal kriege ich dich!'
'Heh, du kannst es ja probieren, Kleiner! Du kannst es probieren!'
'Äh, entschuldige.'
'Ja? Bist du ein Kreiselier oder so?'
'Sowas in der Art. Mein Name ist Nowa. Ich habe gerade meinen Pfad zur Beigoma-Meisterschaft begonnen.'
'Nowa, du wundervoller Streber ...'
'Dann bist du hier richtig, Bruder! Packen wir’s an!'
'Ich bin Taq. Ich bin selbst noch recht neu, aber ich suche immer nach neuen Herausforderern!'
'Darum geht es beim Beigoma, oder nicht? Man nimmt es mit den Starken auf, um stärker zu werden! Ich bin bereit, wenn du es bist?'
'Einen Moment noch.'
'Legen wir los.'
'Kannst du mir etwas Zeit geben? Ich muss mich noch vorbereiten.'
'Na schön. Aber sobald du bereit bist, sag Bescheid.'
'Bereit für das Beigoma-Duell? Ich bin bereit zum Drehen!'
'Legen wir los, Kreiselier. Ich nehme deine Herausforderung an!'
'Das will ich hören. Zeig mir, was du drauf hast! '
'Mein Drachenzahn ist für den Angriff ausgelegt – besser bekannt als <i>die beste Verteidigung</i>!'
'Ich werde dich vom Spielfeld fegen!'
'Ha! Mein Wirbelnder Friede lässt sich nicht so einfach besiegen! Nicht, solange er sich aus meinem innersten Willen dreht!'
'Pff, leeres Gerede. Bereit für den Kampf!'
'Drehen wir!'
'Drachenzahn! Nein! War es ein Fehler, sich auf den Angriff zu konzentrieren?'
'Hey, sein nicht traurig. Dein Kreisel hat echt gut gekämpft!'
'Danke. Ich habe zwar verloren, aber ich werde aus der Niederlage lernen und stärker werden! Und dann duellieren wir uns nochmal!'
'Alles klar!'
'Jaa! Du hast es wieder geschafft, Drachenzahn!'
'Tut mir leid, Wirbelnder Friede. Ich hab dich enttäuscht ...'
'Nein, du hast gut gekämpft. Ich glaube nicht, dass ich jemals so einen starken Gegner hatte!'
'Willst du noch ein Duell? Das wäre ein gutes Training für uns beide!'
'Okay – aber beim nächsten Mal bekomme ich meine Rache!'
'Zurück für ein weiteres Beigoma-Duell? Dann legen wir endlich los!'
'In Ordnung, los geht’s!'
'Bist du bereit, Drachenzahn? Alles klar für den Kampf!'
'Drehen wir!'
'Bitte sei in Ordnung, Gigas ... Du musst in Ordnung sein ...'
'Kopf hoch! Ich hab deinen Kreisel repariert. Hier, bitteschön.'
'Gigas-Faust! Dir geht es gut! Oh, ich hab dich vermisst, Kumpel!'
'Kopf hoch, Fender. Ich hab deinen Kreisel hier, so gut wie neu.'
'Gigas-Faust! Dir geht es gut! Oh, ich hab dich echt vermisst, Kumpel! Willkommen zu Hause.'
'Doc! Ich wusste nicht, dass du auch Reparaturen machst.'
'Nun ja, es gibt einen furchterregenden neuen Krieger, der die Kreisel seiner Gegner komplett zerlegt.'
'Ich würde ihn keinen Kreiselier nennen, das würde das Wort herabwürdigen.'
'Du solltest sehen, was er mit meinem Kreisel gemacht hat! Der Kerl ist ein Ungeheuer!'
'Aber ... immerhin ist er jetzt repariert. Danke, Dr. Corque!'
'Er zerstört die Kreisel seiner Gegner? Das geht zu weit.'
'Ja, was für ein Fiesling! Wie kann er etwas kaputtmachen, das dir so wichtig ist?'
'Wenn du auf deinem Weg weitergehst, wirst du sicherlich selbst auf ihn treffen. Du musst hart trainieren und dich auf diesen Tag vorbereiten.'
'Oh, ich werde bereit sein. Er wird mich nicht schlagen!'
'Du weißt wohl nicht, mit wem du es da zu tun hast. Er würde dich vernichten.'
'So gut ist er?'
'Er ist unglaublich gut. Du bist also auch ein Kreiselier?'
'Ja. Beigoma hat mich echt in seinen Bann gezogen.'
'Nicht wahr? Es macht so viel Spaß! Jeder Dreh ist ein Ausdruck dessen, was man denkt und fühlt!'
'Ja, ganz genau!'
'Aber dieser Crash – der versteht das nicht. Ich kann nicht glauben, dass ich gegen ihn verloren habe.'
'Hey, ich weiß was! Lass uns die Kreisel werfen! Ein Duell mit dir wird mich sicher stärker machen! Was meinst du?!'
'Einen Moment noch.'
'Na klar!'
'Gib mir etwas Zeit. Ich muss mich noch vorbereiten.'
'Na klar, kein Problem. Ich bleib einfach hier und esse was. Sag Bescheid, wenn du bereit bist!'
'Bist du bereit für unser Beigoma-Duell? Ich bin scharf darauf, es mit dir aufzunehmen!'
'Jaa, legen wir los! Ich bin übrigens Fender, und das ist mein Partner, Gigas-Faust.'
'Ich bin Nowa und das ist Wirbelnder Friede.'
'Ooh, das ist echt ein toller Kreisel. Aber gegen meinen hat er keine Chance.'
'Dieses Baby ist hart wie Stahl. Denkst du, du kannst seine Verteidigung durchbrechen?'
'Nichts ist sicher, bis die Kreisel gedreht sind. Aber du solltest aufpassen, denn ich und Wirbelnder Friede sind ein Herz und eine Seele!'
'Oh, jetzt bin ich aufgeregt. Komm schon, Gigas! Legen wir los!'
'Los geht’s, Wirbelnder Friede!'
'Es ist Zeit ... Bereit zum Kampf!'
'Drehen wir!'
'Ich habe es geschafft! Ich habe gewonnen!'
'Oh Mann ... Ich dachte echt, ich hätte dich.'
'Das hattest du fast! Dein Kreisel war unaufhaltsam! '
'Nee. Dein Kreisel und dein Herz waren stärker. Du hast das Zeug dazu, eines Tages einer der Besten zu werden.'
'Ich hoffe es, denn wenn ich diesen Crash besiegen will, dann muss ich das auch.'
'Nun, nach dem Duell ist Essenszeit! Mit leerem Magen kann man nicht kämpfen.'
'Ha! Hab ich dich!'
'Tut mir leid, Wirbelnder Friede. Ich hab dich enttäuscht ...'
'Nein, das war echt gut! Wir sollten uns nochmal duellieren. Mein Snack nach dem Kampf schmeckt besser mit einem würdigen Gegner.'
'Ich bin hier und trainiere, falls du Lust auf eine Revanche hast!'
'Hey, du bist wieder da! Lust auf ein Beigoma-Duell?'
'Ich habe Lust auf einen Beigoma-<i>Sieg</i>.'
'Du hast ihn gehört, Gigas-Faust. Bereit zum Kampf!'
'Drehen wir!'
'Hi! Äh ... Willst du nur hallo sagen ... oder bist du auch ein Beigoma-Krieger?'
'Schuldig im Sinne der Anklage. Mein Name ist Nowa.'
'Ich wusste es!\n... Du bist keiner von Crashs Leuten oder?'
'Du meinst den Typen, der rumläuft und die Kreisel von Leuten zerstört?'
'Ja, der! Er hat <i>so</i> viele Kinder unglücklich gemacht! Dieser Mistkerl muss bezahlen!'
'Keine Sorge, zu dem gehöre ich nicht. Tatsächlich hoffe ich, ihn selbst zu besiegen.'
'Gut! Dann sind wir wohl auf derselben Seite. Wollen wir zusammen trainieren?'
'Ja, sehr gerne.'
'Okay, dann legen wir mal los! Sehen wir mal, ob dich die Beigoma-Sucht genauso gepackt hat wie mich.'
'Einen Moment noch.'
'Bereit, wenn du es bist.'
'Gib mir eine Minute. Ich muss mich mental vorbereiten.'
'Na gut. Eine Minute. Aber ich nehme dich beim Wort!'
'In Beigoma-Duellen geht es um Geschwindigkeit, und dieses Mädchen hier wartet <i>nicht</i> gern!'
'Da bist du ja! Wie lang wolltest du mich noch da sitzen lassen? Ich will mein Beigoma-Duell!'
'Bereit, wenn du es bist. Ich warte schon lange auf eine Herausforderung!'
'Ich glaube langsam, dass Beigoma Nowa im Blut liegt.'
'Ich kenne das Gefühl! Wenn man mal angefangen hat, ist es schwer, aufzuhören!'
'Meistens will ich direkt selbst mitmachen!'
'Heh! Jedenfalls ist meine Gepardita der schnellste Kreisel überhaupt.'
'Was bedeutet, dass du schon erledigt bist. IM Beigoma ist Geschwindigkeit gleichbedeutend mit Stärke.'
'Nichts ist sicher, bis die Kreisel gedreht sind! Wir werden sehen, ob deine Gepardita meinen Wirbelnden Frieden erledigen kann!'
'Wow! Das ist echt ein beeindruckender Kreisel. Ich kann’s kaum erwarten, es mit dir aufzunehmen. Das wird <i>revolutionär</i>!'
'Jaja. Weniger reden, mehr kämpfen! Mach dich bereit, Wirbelnder Friede!'
'Auf Position, Gepardita! Bereit zum Kampf!'
'Drehen wir!'
'Ja! Nimm das!'
'Och Mann ... Ich dachte, ich wäre schneller als alle anderen!'
'Du warst <i>extrem</i> schnell! Ich glaube, es gibt viele verschiedene Arten zu siegen.'
'Das stimmt! Das Potenzial eines Kreiseliers ist grenzenlos!'
'Dieser Junge, mit dem ich mich duelliert habe, war auch ziemlich gut ...'
'Du scheinst besser zu werden.'
'Reid!'
'Hey, das ist er! Das ist der Typ, der mich besiegt hat!'
'Aber du bist nicht der einzige, der sich verbessert hat.'
'Nowa, ich fordere dich zu einer Revanche heraus! Ich warte in der Villa des Kreisel-Docs auf dich.'
'Nowa! Du hast mir nicht erzählt, dass du einen <i>Rivalen</i> hast! Das ist <i>großartig</i>! Viel Glück!'
'Danke. Ich versuche, dich nicht zu enttäuschen!!'
'Ich habe es geschafft! Ich habe gewonnen!'
'Tut mir leid, Wirbelnder Friede. Ich hab dich enttäuscht ...'
'Überhaupt nicht! Du hast mit Stärke und Entschlossenheit gekreiselt. Puh, der Sieg hat sich gut angefühlt.'
'Wenn du willst, können wir uns nochmal duellieren! Ich spiele hier, wenn du mich suchst.'
'Aha! Willst du meine Siegessträhne verlängern, Nowa? Ich werde die Beigoma-Geschwindigkeitsgrenze durchbrechen!'
'Wir werden sehen, wer hier wen besiegt!'
'Auf Position, Gepardita! Bereit zum Kampf!'
'Drehen wir!'
'Wie schön, dich wiederzusehen, Nowa! Ich wollte unbedingt mit dir reden.'
'Die Geschichten deiner Heldentaten unter Kreiselieren sind bis zu mir vorgedrungen. Es scheint, als hättest du dich sehr schnell verbessert.'
'Wie du sicherlich erfahren hast, gibt es einen Mann namens Crash, der die Kreisel von anderen Leuten zerstört.'
'Und nur ein ganz übler Flegel würde Zerstörung für einen wichtigen Teil von Beigoma halten.'
'Ja. Je mehr ich über ihn erfahre, desto mehr wird mir klar, dass er aufgehalten werden muss.'
'Schön, das zu hören. Leider gibt es andere, die seiner verdrehten Philosophie zustimmen.'
'Bedauerlich, wirklich bedauerlich ...'
'Du machst Witze. Er hat Anhänger?'
'Leider ja – sogar hier in unserer Nähe. Wir müssen vorsichtig sein.'
'In diesem Sinne – dürfte ich vorschlagen, dass ich meine Tätigkeit in dein Hauptquartier verlege?'
'Wenn ich es mir erlauben darf: Ich möchte mich dir anschließen. Ich kann dich nicht nur beim Kreiseln in Topform bringen, sondern auch auf andere Arten hilfreich sein.'
'Klingt gut.'
'Könntest du noch etwas warten?'
'Klingt gut. Es wäre mir eine Ehre, dich zu meinen Gefährten zu zählen.'
'Wunderbar! Dann werde ich in deinem Hauptquartier sofort ein Beigoma-Forschungszentrum errichten. Ich danke dir, edler Kreiselier!'
'Also dann, an die Arbeit ... ich muss Reid Bescheid geben und ihm meinen neuen Standort mitteilen ...'
'Sobald du bereit bist, treffen wir uns in der neuen Einrichtung wieder!'
'Könntest du noch etwas warten? Ich habe noch ein paar Sachen zu tun, bevor du dort eine Einrichtung aufbauen kannst.'
'Nun gut. Wenn du darauf bestehst! Sag mir Bescheid, wenn die Operation losgehen kann.'
'Bist du bereit, dass ich mein Beigoma-Forschungszentrum einrichte?'
'Wir können loslegen.'
'Wunderbar! Dann werde ich in deinem Hauptquartier sofort ein Beigoma-Forschungszentrum errichten. Ich danke dir, edler Kreiselier!'
'Also dann, an die Arbeit ... ich muss Reid Bescheid geben und ihm meinen neuen Standort mitteilen ...'
'Sobald du bereit bist, treffen wir uns in der neuen Einrichtung wieder!'
'Sieh dir mein prachtvolles neues Forschungszentrum an! Hier werde ich die tiefsten Wahrheiten des Beigoma entschlüsseln!\n\nAber zwischen mir und diesem edlen Ziel steht eine mächtige Bedrohung namens Crash.'
'Keine Sorge. Ich werde weiterüben.'
'Ausgezeichnet. Je mehr Duelle du kämpfst, desto stärker wirst du und desto näher kommst du den größten Geheimnissen des Beigoma!'
'Ich hoffe, du erlebst noch viele glorreiche Duelle!'
'Habt ihr fertiggeredet? Kommen wir zum interessanten Teil!'
'Ah, vergib mir.'
'Ich kann immer noch nicht glauben, dass du einfach so umgezogen bist.'
'Klingt, als hättest du für diesen Moment trainiert.'
'Ja. Ich habe einen Wirbelsturm gekreiselt, genau wie du. Was uns jetzt noch voneinander unterscheidet, ist, dass ich unschlagbar bin!'
'Ich fordere dich heraus, Nowa! Du wirst herausfinden, aus welchem Holz Neo Absolute Zero und ich gemacht sind!'
'Einen Moment noch.'
'Legen wir los, Reid!'
'Einen Moment noch. Ein Duell erfordert gründliche Vorbereitung.'
'Da hast du recht! In Ordnung. Ich werde warten. Sag einfach Bescheid, wenn du bereit bist, zu verlieren!'
'Bist du bereit für unser Beigoma-Duell? Ich bin <i>sowas</i> von bereit.'
'Los geht’s, Reid! Herausforderung angenommen!'
'Das wollte ich hören. Nach meiner letzten Niederlage habe ich all meine Berechnungen neu angestellt. Ich war nie exakter.'
'Und dieses Mal bist du 100%ig erledigt.'
'Nichts ist sicher, bis die Kreisel gedreht sind. Ich glaube an meinen Wirbelnden Frieden – und an mich selbst!'
'Okay, Herr Selbstbewusstsein, wenn du das sagst! Ich bin froh, dass du es interessant machst!'
'Los geht’s, Wirbelnder Friede!'
'Dem zeigen wir’s, Zero! Bereit zum Kampf!'
'Drehen wir!'
'Da hast du’s. Ich wusste, dass meine Berechnungen perfekt waren.'
'Tut mir leid, Wirbelnder Friede. Ich hab dich enttäuscht ...'
'Hey, versteh mich nicht falsch. Du hast dich enorm verbessert. Und es macht Spaß, gegen dich zu kämpfen – abgesehen davon ist es ein gutes Training.'
'Kämpfen wir nochmal, so oft du willst. Das Ergebnis wird natürlich genau dasselbe sein ...'
'Eine Revanche? Na klar – solange dir klar ist, dass ich heute in Topform bin. Und damit meine ich eine Gewinnchance von 100 % für mich.'
'Aber wenn dir Verlieren nichts ausmacht, dann okay. Komm schon, Zero! Bereit zum Kampf!'
'Drehen wir!'
'Ja! Wie gefällt dir das?'
'Uff, ich kann nicht glauben, dass ich wieder gegen denselben Gegner verloren habe!'
'Kopf hoch, Reid. Du bist verdammt gut geworden.'
'Natürlich bin ich das. Ich werde irgendwann der stärkste Kreiselier der Welt!'
'Ha! Nicht, wenn ich es zuerst schaffe.'
'Dann geht unser Konkurrenzkampf weiter ... Einverstanden! Bis zu unserem nächsten Duell, Nowa!'
'Du und Reid, ihr seid euch ziemlich ähnlich – wie ein Kreisel dem anderen!'
'Übrigens, ich hatte doch Crashs Anhänger erwähnt. Nun, ich habe einen von ihnen gefunden.'
'Anscheinend bedroht er direkt hier in unserem Revier den Frieden! Kannst du ihn seiner gerechten Beigoma-Strafe zuführen?'
'Alles klar. Ich lasse nicht zu, dass Crash und seine Schergen ihre Zerstörungsorgie fortsetzen. Hier in der Stadt also, hm? Ich werde mich mal umsehen.'
'Danke, Nowa. Ich wusste gleich, dass du etwas Besonderes bist!'
'Wie läuft’s? Machst du die Kreisel dieser Verlierer platt, wie ich gesagt habe?'
'Hehehe! Jeder, der blöd genug ist, sich mit meinem Gift anzulegen, ist komplett verrostet!'
'Muahahaha! Gut. Mach so weiter! Auf der Welt ist kein Platz für Möchtegern-Schrott.'
'Das musst du mir nicht zweimal sagen. Wen soll ich als nächstes vernichten?'
'Vielleicht schnapp ich mir den Bengel, der glaubt, er sei ein Beigoma-Wunderkind. Reid, oder?'
'Deine Entscheidung. Mach es einfach.'
'Keine Sorge, Boss. Dieser Jäger bekommt seine Beute immer.'
'Warte! Du bist Crash, oder? Und du musst einer seiner Schläger sein!'
'Und was willst du dagegen machen? Leg dich nicht mit ’nem Kreiselier an, Kleiner.'
'Ich <i>bin</i> ein Kreiselier und mein Name ist Nowa!'
'Hast du das gehört, Boss? Willst du ihn plattmachen?'
'Pfft. Den Typen? Der ist meine Zeit nicht wert. Kümmer du dich drum.'
'Ja, Sir.'
'Verschrotte den Kreisel dieses Trottels, okay? Ich bin mit der Jagd auf die Kreiselwächter beschäftigt.'
'Wird gemacht!'
'Halt!'
'Du gehst nirgendwohin, Kumpel. Um mich solltest du dir Sorgen machen. Oder willst du kneifen und wegrennen?'
'Als ob ich vor dir weglaufen würde!'
'Ja! Nowa ist kein Feigling!'
'Heh. Du hast Mumm, Kleiner. Ich bin Venom und das ist mein Partner, Schlangenbiss!'
'Nur dass du es weißt: Er ist mit Gift überzogen. Wenn du ihn nur falsch berührst, dann <i>zischhhh</i> – verrostet! '
'Was? Das ist Betrug! Du wirst mehr brauchen, als billige Tricks, um mich und den Wirbelnden Frieden zu besiegen!'
'Spar dir die Angeberei, Kleiner. Es gibt kein Gegengift gegen Venom und seinen Schlangenbiss!'
'Du wirst für die Kreisel bezahlen, die du ruiniert hast!'
'Oh, das werde ich genießen. Mein Gift wird deinem Kreisel <i>und</i> deinem scheinheiligen Gehabe ein Ende setzen! Mach dich kampfbereit!'
'Drehen wir!'
'Wirbelnder Friede ... Nein ...'
'Hehehe! Eine Revanche hat keinen Zweck, oder? Es sei denn, du willst, dass dein kostbarer Kreisel noch mehr zerstört wird.'
'Das glaubst du! Sobald ich ihn repariert habe, wirst du vermöbelt!'
'Aber gerne doch, mein Kleiner. Aber egal, wie oft du es versuchst – du bekommst immer dieselbe Tracht Prügel.'
'Oho, was ist das? Du willst mein Gift nochmal probieren? Kannst du gerne haben, Dummkopf! Mach dich kampfbereit!'
'Drehen wir!'
'Nein! Das glaube ich einfach nicht!'
'Das hast du davon, dass du an den Kreiseln anderer Leute herumpfuschst!'
'Schlangenbiss wurde von seinem eigenen Gift verrostet?!'
'GAAAHHH! Ironie ist das tödlichste Gift von allen!'
'Jetzt weißt du, wie sich deine Opfer gefühlt haben!'
'Du eingebildeter kleiner ... Es ist unwichtig! Du hast trotzdem keine Chance gegen den Boss! Warte nur, bis er dich zu Sägespänen verarbeitet!'
'Was für ein Kampf! Jedes Mal, wenn ich kurz nicht hinsehe, bist du noch stärker, Nowa.'
'Reid!'
'Du hast Venom vor mir besiegt, aber <i>ich</i> werde vor <i>dir</i> die vier Kreiselwächter besiegen.'
'Wir besiegen Crash nie, wenn wir uns nicht vorher gegen sie als würdig erweisen.'
'Die vier Kreiselwächter?'
'Sag nicht, dass du noch nie von ihnen gehört hast.\n... Die vier Kreiselwächter? Meister-Kreiseliere, die über die Kräfte von Erde, Wasser, Feuer und Wind herrschen?'
'Jeder von ihnen soll so stark sein wie Crash.'
'Also ... ziemlich stark.'
'Der nächste von hier aus ist der Erd-Kreiselwächter, Thudd. Er ist in Arenside stationiert. Ich werde ihn herausfordern.'
'Das solltest du auch tun, wenn du Crash jemals besiegen willst. Nicht, dass du vor mir einen Kreiselwächter besiegen könntest!'
'Ich hab verloren? Aber meine Berechnungen waren perfekt! Das müssen sie gewesen sein!'
'Mickrige Zahlen sind Thudd egal, ja? Können nichts gegen rohe Erdkraft von Thudd ausrichten.'
'Das stimmt nicht! Es gibt immer eine Formel für den Sieg und ich werde sie finden!'
'Komischer lauter kleiner Junge. Thudd mag. Komm zurück für mehr Kampf, okay?'
'Na klar!'
'Hey Nowa! Hast du beschlossen, es mit ihm aufzunehmen? Pass auf, er ist genauso zäh wie er aussieht! Ich muss meine Herangehensweise überdenken.'
'Wir sehen uns!'
'Hm? Bist du Freund von lautem Jungen?'
'Allerdings.'
'Eher ein Rivale.'
'Allerdings. Beigoma hat uns zusammengeführt.'
'Dann muss eure Freundschaft steinhart sein, ja. Thudd gefällt.'
'Äh, er ist eher mein Lieblingsrivale.'
'Rivale gut zu haben. Holt das Beste aus dir raus, ja? Thudd findet gut.'
'Bist du Kreiselier?'
'Ja. Mein Name ist Nowa und das ist mein Partner, Wirbelnder Friede.'
'Thudds Partner heißt Erdschlag. Sehr hart und stark.'
'Ich schätze, du kennst keinen Mann namens Crash?'
'Thudd kennt. Böser Mann. Macht Kreisel kaputt.'
'Allerdings. Ich glaube, er ist auf der Jagd nach den vier Kreiselwächtern.'
'Jagd?!'
'Wenn er noch nicht hinter dir her ist, solltest du besser aufpassen.'
'Nicht nötig. Thudd verliert nicht. Thudd total stark!'
'Ich weiß! Ich bewundere deine Stärke. Wenn ich so stark wäre, dann hätte ich vielleicht eine Chance gegen Crash.'
'Stark werden nur durch Duell. Kämpfe gegen Thudd in Beigoma-Duell, ja? Gleich anfangen!'
'Äh, einen Moment noch ...'
'Na dann los!'
'Äh, einen Moment noch ... Ich will vorbereitet sein.'
'Thudd versteht. Lieber Zeit lassen. Vorbereitung sehr wichtig.'
'Bist du bereit? Thudd nämlich immer bereit.'
'Dann legen wir los! Es ist mir eine Ehre, gegen einen der vier Kreiselwächter anzutreten.'
'Du hast Mumm. Thudd mag Mumm fast so sehr wie Steine und Erde.'
'Aber du kannst eine Naturgewalt wie Thudds Kreisel nicht umwerfen, ja?'
'Das werden wir ja sehen. Ich habe den Willen dazu, und mein Wirbelnder Friede ist der Weg dazu!'
'Dann fangen wir an. Bereit zum Kampf!'
'Drehen wir!'
'Ta-daaa. Thudd gewinnen. Erde kann man nicht umwerfen.'
'Ich war einfach nicht stark genug ...'
'Stark warst du, und entschlossen. Gibt noch Hoffnung, ja? Komm und fordere Thudd nochmal, wenn du mehr felsenfest bist. '
'Du kommen zurück für mehr kämpfen? Thudd immer bereit für Kampf, ja?'
'Thudd nimmt das als ja. Bereit zum Kampf!'
'Drehen wir!'
'Ich habe es geschafft! Ich habe gewonnen!'
'Thudds Kreisel umgefallen?'
'Du bist stark. Vielleicht stark genug, um Crash zu besiegen, eines Tages.'
'Aber noch nicht, ja? Geh und finde Wind-Kreiselwächter. Er gibt dir andere Herausforderung.'
'Der Wind-Kreiselwächter, hm?'
'Sein Name Zeph. Stationiert in Dorf der Baumleute. Besiege alle vier Kreiselwächter, dann bist du allerstärkster Kreiselier.'
'Und dann Thudd gibt dir großen Klaps auf den Rücken.'
'Danke, Thudd. Ich suche nach Zeph, wenn ich das nächste Mal im Baumhirtendorf bin.'
'Viel Glück. Wenn es jemand schafft, dann du.'
'Bist du hier, um Zeph zu besiegen? Dann sind wir schon zu zweit.'
'Erfolgreich gewesen?'
'Ich analysiere noch seine Duelle, um meine Formel für den Sieg zu perfektionieren.'
'Also ... nein.'
'Aber volle Punktzahl für die gründliche Forschung!'
'Ich glaube, ich bin fast bereit, ihn herauszufordern, aber ich brauche noch ein paar Daten.'
'Wenn du willst, kannst du vorgehen und dich an ihm versuchen. Ich bleibe zurück und beobachte.'
'Wenn du darauf bestehst.'
'Keine Chance!'
'Wenn du darauf bestehst. Das bedeutet nur, dass ich meiner Liste an Siegen noch einen Kreiselwächter hinzufüge. '
'Geh voraus. Und ich wünsche dir sogar Glück! Denn ich werde immer einen ganz kleinen Schritt hinter dir sein.'
'Keine Chance! Wofür hältst du mich, dein Versuchskaninchen?'
'Ach komm schon. Ich versuche, stärker zu werden. Tu es für die Wissenschaft!'
'Na schön. Aber ich will keine Beschwerden hören, wenn ich zuerst gewinne.'
'Ach bitte. Alles, was du zuerst tust, mache ich noch besser. Dafür hat man schließlich Rivalen.'
'Dann wäre das also geklärt?'
'Mann ... Ich habe verloren!'
'Na, was hattest du denn erwartet? Kein Kreisel kann den mächtigen Strudeln meines Trinity-Zyklons widerstehen!'
'Ihr zwei habt ja eine ganze Menge geredet, aber ich kann mir nicht vorstellen, dass ihr mich besiegt.'
'Nichts ist sicher, bis die Kreisel gedreht sind. Aber Wirbelnder Friede und ich werden dir einen guten Kampf liefern!'
'Ich mag Kreiseliere mit Selbstbewusstsein. Da macht das Duellieren gleich noch mehr Spaß.'
'Bereit für die Schlacht?'
'Einen Moment noch.'
'Allzeit bereit.'
'Einen Moment noch. Ich will gut vorbereitet sein.'
'Eine weise Entscheidung. Vorbereitung ist immerhin der halbe Kampf.'
'Komm wieder, wenn du für das Duell bereit bist. Ich warte hier.'
'Bist du bereit, loszuzulegen? Ich warte auf unser Duell.'
'Allzeit bereit. Wirbelnder Friede und ich zeigen dir, was in uns steckt!'
'Du hast Leidenschaft – das muss ich dir lassen. Aber mein Kreisel hat die Kontrolle über den Wind selbst! Leidenschaft allein rettet dich nicht vor dem kommenden Sturm.'
'Mein Kreisel dreht sich im Rhythmus meiner Seele!'
'Na schön ... klingt unlogisch ... aber interessant! Sehen wir mal, welche Geschichte dein Kreisel zu erzählen hat!'
'Wir sind beide Wind-Kreiseliere. Ich bin gespannt, wer zuerst weggepustet wird.'
'Wir werden’s ihm zeigen, Wirbelnder Friede!'
'Ich zeige dir den hypnotisierenden Tanz von Trinity-Zyklon! Bereit für den Kampf!'
'Drehen wir!'
'Mann. Einen Moment lang dachte ich, ich hätte ihn ...'
'Bravo! Dein Kreisel hat einen Sturm entfesselt! Was für ein erfrischender Kampf.'
'Du kannst jederzeit eine Revanche haben. Ein Herausforderer mit deinem Talent kann mich jederzeit darum bitten.'
'Du bist also zurückgekommen? Ich bewundere deinen Eifer. Die Frage ist: Kommst du mit diesen Windböen zurecht?'
'Bereit zum Kampf!'
'Drehen wir!'
'Ja! Ich hab ihn!'
'Gut gemacht, Nowa! Das war sehr lehrreich.'
'Das hoffe ich, denn du bist der Nächste.'
'Oh, ich weiß.'
'Ich sehe, dass mein nächster Herausforderer schon vor Entschlossenheit zittert ... aber ich lasse mich nicht zweimal hintereinander besiegen!'
'Oh doch, das wirst du. Das nennt man Pechsträhne.'
'Um dich kümmere ich mich gleich. Aber zuerst ... Nowa, oder?'
'Wie du weißt, reist ein Mann namens Crash durch das Land und zerstört die Kreisel seiner Gegner.'
'Natürlich werden wir vier Kreiselwächter ihn aufhalten, aber es kann sein, dass er es zuerst auf dich abgesehen hat.'
'Soll er ruhig. Er ist derjenige, der sich Sorgen machen muss.'
'Ich mag dein Selbstbewusstsein. Und nach dem, was ich heute gesehen habe, würde ich dir fast glauben.'
'Du weißt, was als nächstes zu tun ist. Die anderen beiden Kreiselwächter warten auf deine Herausforderung.'
'Oh, aber hey – davor will ich dich noch einmal herausfordern. Nachdem ich diesen Typen besiegt habe, treffen wir uns beim Kreisel-Doc. Okay?'
'Alles klar.'
'Oh, und sei bereit, zu verlieren!'
'Da bist du ja! Nachdem wir uns getrennt hatten, habe ich Zeph seine zweite Niederlage beschert.'
'Glückwunsch. Er ist ein harter Gegner.'
'Hey. Ich bin nur den Zahlen zum Sieg gefolgt. Aber ohne deine Hilfe wären sie nicht so exakt gewesen, also ... du weißt schon, danke.'
'Dafür sind Freunde da.'
'Freunde ... Ja, ich schätze, das sind wir. Beigoma-Rivalen – aber gleichzeitig Freunde.'
'Aber du bist nicht hierher gekommen, um mir das zu sagen.'
'Verdammt richtig. Ich bin hier, um mich zu duellieren.'
'Gut, ich hab mich schon darauf gefreut. Ich habe gegen eine Menge starker Gegner gekämpft, aber bei niemandem bin ich so aufgeregt wie bei dir.'
'Das ist der Tag, Nowa! Bist du bereit? Ich beweise dir, dass meine Berechnungen zuverlässiger sind als deine „innere Stärke“ oder was auch immer!'
'Einen Moment noch.'
'Dann beweise es.'
'Einen Moment noch. Ich will möglichst gut vorbereitet sein.'
'Na schön. Ich weiß zu schätzen, wie ernst du diese Duelle nimmst, aber lass mich nicht zu lang warten.'
'Bist du bereit? Ich beweise dir, dass es immer eine Formel für den Sieg gibt.'
'Dann beweise es. Du bist nicht der einzige, der sich darauf gefreut hat.'
'In Ordnung! Aber pass auf, denn ich habe meinen Absolute Zero zu einer unzerstörbaren Kraft gemacht. Und damit meine ich, er ist <i>stark</i>.'
'Stärker als mein Wirbelnder Friede? Mit jedem neuen Sieg, spüre ich, wie wir mehr und mehr zu einem einzelnen Wesen verschmelzen.'
'Moment, wie bitte?'
'Nur ein Kreiselier kann das verstehen.'
'Ich verstehe es – das Gefühl, als würden mein Kreisel und ich zu einer einzelnen Kraft werden.'
'Manchmal habe ich das Gefühl, als sei der einzige Grund, warum ich mich duelliere, diesen Rausch wieder zu erleben.'
'Ja. Aber wir sind nicht zum Reden hier, sondern zum Kämpfen. Und meine Berechnungen besagen, dass ich zu 100 % gewinne.'
'Nichts ist sicher, bis die Kreisel gedreht sind. Und meiner dreht sich genau so, wie mein Herz es will. '
'Mach dich bereit, Absolute Zero! Bereit zum Kampf!'
'Drehen wir!'
'Verdammt! Ich war so nah dran!'
'Ich hab dich mit meinen Berechnungen besiegt, Nowa, aber du hast dich echt gut geschlagen.'
'Wenn du eine Revanche willst, gib mir Bescheid! Ich glaube nicht, dass ich jemals müde werde, gegen dich anzutreten.'
'Dann nehme ich dich beim Wort!'
'Aha! Ich wusste, dass du nicht so einfach aufgeben würdest. Duellieren wir uns nochmal!'
'Ich habe die Berechnungen schon angestellt, und der Sieg ist mein. Mach dich bereit, Absolute Zero! Bereit zum Kampf!'
'Drehen wir!'
'Ich habe es geschafft! Ich habe gewonnen!'
'Argh! Meine Berechnungen waren schon wieder nicht exakt! Du bist einfach viel zu gut, Nowa.'
'Ich? Ich kann kaum glauben, wie weit <i>du</i> gekommen bist. Ich könnte mir keinen besseren Rivalen wünschen.'
'Du sagst es.'
'Also, das nächste Ziel auf meiner Liste ist Hishahn, wo ich Flowe, den Kreiselwächter des Wassers herausfordern werde.'
'Ich werde dasselbe tun.'
'Dann werden wir sehen, wer Flowe zuerst besiegt. Übrigens, das werde ich sein.'
'Das glaubst du!'
'Ich sollte gehen. Wir kämpfen bald wieder mal, Nowa!'
'Neeein! Mein kostbarer Schlangenbiss ist schon wieder ruiniert!'
'Meine Güte, das tut mir ja soo leid. Manchmal kann ich meine Kraft nicht einschätzen.'
'Verdammt nochmal! Das werde ich dir nicht verzeihen!'
'Hihi. Tut mir leid, dass du das sehen musstest.'
'War das nicht Venom?'
'Oh, ihr kennt euch also? Ich bin sicher, dass er sich zu seinem Meister Crash verzogen hat.'
'Die Anhänger von diesem Typen kommen ganz schön rum ...'
'Ich kann’s kaum erwarten, ihm eine Lektion zu erteilen.'
'Wenn dass das Schlimmste ist, das er auf Lager hat, mache ich mir keine Sorgen.'
'Aber irgendwann werden wir gegen ihn antreten müssen.'
'Dem kann ich nur zustimmen.'
'Du bist ein Kreiselier, oder? Und du bist stark, das sehe ich in deinen Augen.'
'Mein Name ist Nowa und das ist mein Kampfpartner, Wirbelnder Friede.'
'Oh, wir stellen uns also vor? Ich bin Flowe, der Kreiselwächter des Wassers. Und das ist mein Azurblauer Drache.'
'Ich kann schon von hier aus sehen, dass das kein Spielzeug ist.'
'Du willst uns also herausfordern? Nun, nach den miesen Tricks dieses anderen Typen weiß ich deine Ehrlichkeit zu schätzen.'
'Dieses Glitzern in deinen Augen sagt mir, dass du es mir nicht leicht machen wirst. Das gefällt mir.'
'Ich freue mich auch auf unseren Kampf.'
'Mein Azurblauer Drache dreht sich und wirbelt wie ein Wasserstrudel. Glaubst du, du kannst ihn stoppen?'
'Nichts ist sicher, bis die Kreisel gedreht sind. Aber Wirbelnder Friede dreht sich immer genau so, wie mein Herz es ihm sagt.'
'Das höre ich gerne! Dann legen wir mal los.'
'Einen Moment noch.'
'Zeig mir, was du draufhast!'
'Gib mir eine Minute. Ich muss mich noch vorbereiten.'
'Kein Problem, Kumpel. Sag einfach Bescheid, wenn du soweit bist.'
'Bist du bereit für unser Duell? Ich kann die Spannung kaum noch ertragen.'
'Zeig mir, was du draufhast! Ich bin bereit.'
'Das sagen sie alle, bevor sie ins kalte Wasser springen. Du wirst in den Strömungen untergehen – aber das heißt nicht, dass wir keinen Spaß haben werden.'
'Welche wässrigen Wunder stecken in <i>deinem</i> Kreisel? Ich kann es kaum erwarten, sie zu sehen!'
'Ich zeig dir, wie es aussieht, wenn man mit Herz kreiselt! Mach dich bereit, Wirbelnder Friede!'
'Du weißt, was zu tun ist, Azurblauer Drache. Bereit zum Kampf!'
'Drehen wir!'
'Tut mir leid, Wirbelnder Friede. Ich hab dich enttäuscht ...'
'Du bist ein ernstzunehmender Gegner – aber noch nicht ganz hart genug für dieses Gewässer.'
'Aber das Duell hat Spaß gemacht und ich mag Herausforderungen, also lass uns das nochmal machen, wenn du etwas trainiert hast.'
'Oh, das habe ich vor.'
'Oho! Ich sehe, dass du an dir gearbeitet hast. Aber bist du stark genug, um mich zu schlagen? Mein Azurblauer Drache sagt nämlich „keine Chance“.'
'Bereit zum Kampf!'
'Drehen wir!'
'Ich habe es geschafft! Ich habe gewonnen!'
'Woow! Also das nenne ich Kreiseln! Das war fürs Fotoalbum.'
'Vielleicht hast du sogar das Zeug dazu, Crash die Leviten zu lesen.'
'Niemals. Crash gehört mir! Du gewinnst diese Duelle vielleicht zuerst, aber ich gewinne sie <i>besser</i>.'
'Wer ist denn dieses Energiebündel? Ihr haltet mich heute ganz schön auf Trab! '
'Ich bin dir dicht auf den Fersen, Nowa. Du besiegst Crash nicht vor mir!'
'Sieh dich nur an, tust so, als hättest du mich schon besiegt.'
'Nowa, du wirst als nächstes Pyre aufsuchen wollen, oder?'
'Pyre?'
'Ja, den Kreiselwächter des Feuers. Er ist in Impershi’arc stationiert. Wenn du ihn besiegen kannst, dann weiß ich, dass du auch Crash schlagen kannst.'
'In Ordnung. Klingt, als würde ich in die Wüste gehen.'
'Viel Glück! Ich drück dir die Daumen.'
'Da ist er ja! Flowe und die anderen sagten mir schon, dass du kommen würdest, Nowa.'
'Du musst echt HEISS sein, wenn du drei der vier Kreiselwächter geschlagen hast!'
'Was soll ich sagen? Ich mag ein gutes Duell.'
'Gut! Denn wenn Kreiseliere loslegen, ist Liebe die geheime Zutat. '
'Solange du deinen Kreisel mit Liebe überschüttest, wird er immer hell brennen!'
'Ich ... glaube nicht, dass das Sinn ergibt?'
'Stimmt wohl.'
'Ich ... glaube nicht, dass das Sinn ergibt? Vielleicht bin ich einfach noch nicht auf deiner Ebene angekommen ...'
'Unsinn, Nowa! Nach allem, was ich gehört habe, seid du und dein Partner ein leidenschaftliches Pärchen.'
'Ihr lodert gemeinsam hell!'
'Hm ... So habe ich das noch nie gesehen.'
'Das stimmt ... Ich habe schon unausgesprochene Gefühle für ihn.'
'Je härter der Kampf ist, desto heißer werden wir beide.'
'Ja, ja, genau! Nichts befeuert die Flamme der Leidenschaft wie Beigoma!'
'Nun, wir können den ganzen Tag weiterreden – aber als Kreiseliere haben wir eine bessere Art, uns auszudrücken, oder nicht?'
'Aber hallo.'
'Starten wir ein feuriges Duell! Bist du bereit?'
'Einen Moment noch.'
'Ich war noch nie so bereit!'
'Kannst du mir einen Moment geben? Ich will dich erst herausfordern, wenn ich völlig bereit bin.'
'Natürlich! Dieses Liebesfest kann erst losgehen, wenn sich alle wohlfühlen. Sag Bescheid, wenn du fertig bist.'
'Bist du bereit? Meine Aufregung hat nämlich mittlerweile die Stufe „glühend heiß“ erreicht!'
'Ich war noch nie so bereit!'
'Ausgezeichnet! Dieser Kampf wird so hell lodern, dass die Leute drei Städte weiter noch erröten!'
'Ich hoffe nur, du weißt, worauf du dich einlässt – denn mein Partner Galaktische Flamme brennt genauso heiß wie ich!'
'Wenn es um Leidenschaft geht, kannst du mir und Wirbelnder Friede nicht das Wasser reichen, glaub mir.'
'Feuer-Kreiselier-Kollege – sehen wir mal, wer heißer brennt.'
'Oh Mann, das wird eine FEUERSBRUNST! Halt dich nicht zurück, Nowa!'
'Würde mir nicht im Traum einfallen.'
'In Ordnung, Galaktische Flamme, Zeit zur Zündung! Bereit zum Kampf!'
'Drehen wir!'
'Argh, ich bin im allerschlechtesten Moment verpufft ...'
'Aber diese Leidenschaft! Dieser Feuereifer! Ich könnte das noch hundert Mal machen!'
'Lass deine Fackel hell brennen, dann bist du es immer würdig, gegen mich anzutreten! Ich messe mich gern mit dir.'
'Alles klar!'
'Da ist mein feuriger Kreiselier! Galaktische Flamme und ich haben uns schon nach dem nächsten Feuergefecht gesehnt!'
'Dieses Duell wird so hell lodern, dass die Sonne neidisch wird! Bereit zum Kampf!'
'Drehen wir!'
'Ja! Ich habe gewonnen!'
'Gut gekämpft! Ich war zwar Selbstbewusst, aber deine Liebe und Leidenschaft waren die größeren Kräfte.'
'Ach komm schon, Nowa! Du hast mich schon WIEDER überholt? Pyre, dein nächster Gegner bin ich!'
'Noch ein Herausforderer? Heute fliegen ja die Funken!'
'Ich muss an Crash meine Rache nehmen ... Niemand stellt sich mir in den Weg!'
'Nun, wenn du so begierig bist, ihn zu finden: Er ist in die Reichsstadt Ardinale gegangen.'
'Aber die vier Kreiselwächter planen bereits, ihn zur Rechenschaft zu ziehen. '
'Was?!'
'Nowa, wenn ich diesen Sack heiße Luft besiegt habe, habe ich es auf Crash abgesehen.'
'Ich weiß, dass du sicher denselben Plan hast – aber er gehört mir, verstanden?'
'Vielleicht solltest du aufpassen, dass dieser „Sack heiße Luft“ dich nicht zu Asche verbrennt.'
'Oh, ich habe die Berechnungen angestellt, und dein Feuer wird zu 100 % gelöscht.'
'Du brennst mit einer anderen Leidenschaft als dein Freund, aber weißt du was? Du gefällst mir!'
'Nowa, ich werde dir nicht ausreden, es mit Crash aufzunehmen – aber um der Lava Willen, sei vorsichtig.'
'Nicht, dass ich mir Sorgen machen würde. Ein feuriges Duo wie du und Wirbelnder Friede kann gemeinsam so ziemlich alles erreichen.'
'Danke, Pyre. Ich werde mein Bestes geben.'
'Gute Reise und duellieren wir uns irgendwann nochmal!'
'Buahaha! Die vier Stinkwächter und ein Trottel von Wunderkind, und alle fallen sie wie die Fliegen. Was für ein Haufen Verlierer!'
'Thudds Erdschlag wurde selbst geschlagen?'
'Woraus besteht dieser Kreisel?! Nicht einmal mein Sturmwind konnte ihn aus der Fassung bringen!'
'Die Strudel meines Azurblauen Drachen konnten ihm auch nichts anhaben ...'
'Verdammt, nein! Komm zurück, Galaktische Flamme! Wage es nicht, dich von diesem herzlosen Monster löschen zu lassen!'
'Ich konnte ihm nicht mal einen Kratzer zufügen! Bin ich nicht ... in der Lage, diesen Typen zu besiegen?'
'Ha! Buhuhu. Hört euch Schwächlinge nur jammern. Eure Kreisel waren Abfall! Ihr solltet mir danken, dass ich sie auf die Müllkippe geschickt habe.'
'Der einzige Schwächling hier bist du!'
'Nowa!'
'Was ist hier los? Du bist bis hierher gekommen, nur damit mein Teufel der Zerstörung wieder einen Kreisel verschrotten kann?'
'Ich bin hier, um dich besiegen!'
'BUAAHAHAHA! Ein kleiner Feigling wie du ... will einen Champion wie mich stürzen?'
'Nowa ist kein Witz, ja? Er hat alle Kreiselwächter fair geschlagen!'
'Und jetzt wird er das tun, was wir anderen nicht geschafft haben!'
'Ja! Tritt diesem Schurken in den Hintern, Nowa! Räche uns!'
'Lass die glühenden Flammen deines Herzens über ihn lecken!'
'Ich gebe es echt nicht gerne zu, Nowa, aber du hast mich übertroffen. Du bist jetzt unsere einzige Hoffnung – also erteile diesem Idioten eine Lehre, die er nie mehr vergisst!'
'Einen Moment noch.'
'Überlasst ihn mir!'
'Okay, aber gib mir nur eine Minute. Ich kann ihn erst erledigen, wenn ich weiß, dass ich bereit bin.'
'Buahaha! Ziehst du den Schwanz ein, du Feigling? Ich wusste, dass du nur ’ne große Klappe hast.'
'Du hast echt Nerven, mich herauszufordern, Kleiner. Aber wenn du deine Abreibung so unbedingt haben willst, dann los.'
'Hättest du wohl gerne! Du bist derjenige, der zerlegt wird!'
'Überlasst ihn mir, Leute! Er ist derjenige, der vernichtet wird!'
'Von einem Hohlkopf wie dir? Träum weiter, Kleiner. Dir steht ein unsanftes Erwachen bevor.'
'Sehen wir mal, wie großspurig du noch bist, wenn ich deinen hübschen kleinen Kreisel zu Sägespänen zermalme.'
'Das wird nicht passieren! Wirbelnder Friede dreht sich jetzt für uns alle ... Unsere Herzen und Kreisel sind eins!'
'Mann, du weißt echt nicht, wann man die Klappe halten sollte. Zeit für eine Lektion. Ab die Post, Teufel der Zerstörung!'
'Los geht’s, Wirbelnder Friede!'
'Ja, mach dich auf deine Vernichtung gefasst! Bereit zum Kampf!'
'Drehen wir!'
'Neeiin! Mein Wirbelnder Friede!'
'BUAAHAHAHA! Du bist ein NICHTS!'
'Schreib mich noch nicht ab! Ich fordere dich so oft heraus, wie es sein muss!'
'Maann, du kapierst es einfach nicht. Na schön! Bring mir mehr Abfallkreisel, dann werfe ich sie für dich weg!'
'Buahaha! Du willst echt noch mehr Prügel? Zum Glück ist das meine Spezialität, und ich hab noch eine Extraportion für dich.'
'Auf ihn, Teufel der Zerstörung! Bereit zum Kampf!'
'Drehen wir!'
'Ich habe gewonnen ... ich habe es geschafft! Er ist besiegt!'
'Ich habe ... gegen <i>diesen</i> Verlierer verloren?'
'Na warte! Dafür krieg ich dich!'
'Gut gemacht, Nowa!'
'Ja! Du hast Crash zurechtgestutzt!'
'Das hast du toll gemacht, Nowa. Ich wusste, dass du es schaffst!'
'JAAAA! Ich habe immer an dich geglaubt!!!'
'Das war <i>so</i> episch, Nowa. Ich wünschte, du hättest es mit meinen Augen sehen können. '
'Ich hätte es nie geschafft, wenn ihr alle nicht mit mir trainiert hättet, um mich stärker zu machen. Vor allem du, Reid.'
'Nowa ... ich weiß, dass das etwas plötzlich kommt, aber ... kann ich mich dir anschließen?'
'Wirklich?'
'Ja, wirklich! Und ein „Nein“ akzeptiere ich nicht. Ich bleibe bei dir, und gemeinsam können wir ganz neue Sphären des Beigoma entdecken!'
'Mach mich zu einem Teil deines Teams! Komm schon, bitte?'
'Aber natürlich! Du und ich, wir werden große Abenteuer erleben.'
'Danke, Nowa! Zero und ich werden dich nicht enttäuschen!'
'Oh, äh ...!'
'Ähem ... So sehen wir uns wieder, Nowa! Ich wusste, dass es nur eine Frage der Zeit sein würde, bis du meine geheime Kammer findest.'
'Nowa! Ich wusste, dass es nur eine Frage der Zeit sein würde, bis ein mächtiger Kreiselier meine geheime Kammer findet.'
'Eine Kammer voller ... was genau?'
'Sieh dir mein wahres Labor an! Hier habe ich an neuen Kreiseln geschraubt und an die Türen der tiefsten Wahrheiten des Beigoma geklopft.'
'Äh, okay ... Und wann hast du die gebaut? Wie? Was?!'
'Durch genaues Beobachten deiner Duelle habe ich einen Durchbruch erzielt.'
'Genau wie ich vermutet hatte, gibt es in jedem Kreisel etwas, das auf den Willen des Drehenden reagiert!'
'Das hätte ich dir auch sagen können, Doc. In diesem kleinen Stück Holz schlummert eine unbeschreibliche Macht.'
'Genau das. Und nun ist die Zeit gekommen, um meine Entdeckungen aus erster Hand zu überprüfen.'
'Nowa, du bist der größte Kreiselier der Welt. Wenn ich die größten Geheimnisse des Beigoma lüften will, dann nur, wenn ich gegen dich antrete!'
'Okay, aber gib mir noch einen Moment.'
'Bringen wir es zu Ende.'
'Okay, aber gib mir noch einen Moment. Du willst doch nicht, dass ich unvorbereitet gegen dich antrete.'
'Ganz recht. Dieses Duell könnte die Geschichte des Beigoma verändern. Ich werde warten, bis du völlig bereit bist.'
'IST ES AN DER ZEIT?! War das gerade zu laut? Tut mir leid. Das Warten war unerträglich!'
'Bringen wir es zu Ende, Doc. Ich bin genauso neugierig auf die Geheimnisse des Beigoma wie du.'
'Sehr gut. Dann fordere ich dich mit meinem Partner Kraft der Unendlichkeit heraus.'
'Egal mit welchem Kreisel du gegen mich antrittst, du hast keine Chance gegen mich und Wirbelnder Friede!'
'Das wollte ich hören. Deine Entschlossenheit ist die geheime Zutat für die Wahrheit, die ich gleich erfahren werde.'
'Könnte sein. Aber wie ich schon einmal sagte: Nichts ist sicher, bis die Kreisel gedreht sind!'
'Dann setzen wir dem Gerede ein Ende. Bereit zum Kampf!'
'Drehen wir!'
'Wow ... ich wurde komplett zerlegt.'
'Mehr, Nowa. Gib mir mehr! Mit einem solchen Kampf werde ich das Rätsel des Beigoma niemals lüften!'
'Kämpfen wir noch einmal! Gemeinsam können wir die tiefen Wahrheiten finden, nach denen wir suchen!'
'Okay!'
'Das ist mein Junge! Stoßen wir direkt ins tiefste Mark des Beigoma vor!'
'Bereit zum Kampf!'
'Drehen wir!'
'Meine Güte.'
'Allerdings. Spürst du das? Wir haben nur einen kurzen Blick auf das wahre Gesicht des Beigoma erhascht.'
'Ich hab Gänsehaut, Doc.'
'Mit jedem Dreh am Kreisel blicken wir ins Universum, und damit auf uns selbst ... Beigoma ist das Leben selbst.'
'Es sind zwei Stücke Holz, die zusammenprallen!'
'Ja! Das Strahlen des Kreisels ist das Strahlen des Lebens!'
'Und wir haben nur an der Oberfläche gekratzt, Nowa ... Wirst du mit mir zusammen die Reise in die tiefsten Tiefen des Beigoma fortsetzen?'
'Ja, Doc! Ja mit einem großen J!'
'Na dann los!'
