'Moment mal. Ist <i>das</i> das angesagte neue Restaurant, von dem alle reden? Dieser Saftladen?!'
'Hey, erwartet ihr etwa, dass die Leute für dieses Schweinefutter <i>bezahlen</i>? Das könnt ihr aber vergessen!'
'Was hat der Typ für ein Problem? Ich sollte ihm Manieren beibringen ...'
'Wer hat die Tellerwäscher kochen lassen? Das ist ein vorsätzlicher Angriff auf die Geschmacksnerven!'
'Gibt es ein Problem mit der Bestellung?'
'„<i>Ein</i> Problem“? Es gibt mehrere, du Trottel! Dieses Essen ist so ekelhaft, dass mein Magen um einen Gnadenstoß bettelt! Ich verlange Entschädigung!'
'Wie wäre es, wenn du als Entschuldigung die Urkunde für diesen Schweinestall, den du Restaurant nennst, abgibst?'
'Du versuchst doch bloß ihn abzuzocken!'
'Hey, das Essen von Kurtz ist köstlich.'
'Du versuchst doch bloß ihn abzuzocken!'
'Sprichst du mit mir? Denn die einzige Abzocke hier ist dieser Mist, den er Essen nennt.'
'Hey, das Essen von Kurtz ist köstlich.'
'Ha. Siehst du? Sogar die Kundschaft ist gespalten!'
'Gibt es sonst noch etwas, was du gerne loswerden möchtest?'
'Natürlich gibt es das! Den Gestank dieses stinkenden Menüs!'
'Hör zu: Wenn es nicht dein Ding ist, dann ist es eben nicht dein Ding. Aber hör auf, den Kunden, denen es gefällt, auf den Geist zu gehen, sonst ...'
'Sonst was? Willst du mich zu einem Kochduell herausfordern? Denn wenn ich gewinne, gehört das Restaurant mir!'
'Bist auch ein Chefkoch, oder was?'
'Darauf kannst du wetten! Und seit jeher lösen die Köche ihre Konflikte nur auf eine Art und Weise.'
'Na gut, du Rabauke. Aber wenn ich gewinne, wirst du dich dafür entschuldigen, dass du mein Essen „Schweinefutter“ genannt hast.'
'Legen wir los. Hi hi hi!'
'Man nennt mich Tall Fry, den Meister der Nudel! Und meine Kochkünste werden dich al dente kochen!\n'
'Das glaubst du! Mach dich auf ein paar leckere Gerichte gefasst!'
'Nie und nimmer ... Willst du mich auf den Arm nehmen? Niemand besiegt Tall Fry, den Meister der Nudeln des Syndikats des Dunklen Drachen!'
'Warte. Das Syndikat? Wie hast du mich gefunden?!'
'Hi hi hi! Oh, das verrate ich nicht.'
'Aber auf dich wartet ein 4-Gänge-Menü voller Schmerzen! Pasta la vista, Baby, denn das Syndikat wird dich holen!'
'Verdammt! Er ist entkommen!'
'Kurtz, was ist das Syndikat des Dunklen Drachen?'
'Eine furchterregende Organisation, welche die dunkle Seite der kulinarischen Industrie kontrolliert.'
'Und wenn sie es auf mein Restaurant abgesehen haben, dann bin ich in großen Schwierigkeiten ...'
'Hi hi hi! Du bist nur am Reden statt zu Kochen!'
'Als ob ich diesen elenden Saftladen überhaupt führen <i>will</i>. Na los. Bitte mich um eine Revanche! Ich fordere dich heraus!'
'Das nächste Mal verliere ich nicht!'
'Hi hi hi. Willst du wieder eine Abreibung haben? Ich werde dich wie einen Sack Mehl ausdrücken!'
'Cuisinier. Bist du der Typ, der Tall Fry besiegt hat?'
'Ja, genau. Und wenn du dich fragst ...'
'Oh ja. Auch ich habe als Chefkoch einen gewissen Ruf. Man nennt mich Goemon, den Meister der östlichen Küche. '
'Dann bist du wohl wegen meines Restaurants hier?'
'Richtig. Tall Fry spielt für das Syndikat des Dunklen Drachen zwar keine größere Rolle, aber es wäre eine Schande für uns alle, wenn wir seine Niederlage ungesühnt ließen.'
'Ich bin bereit, unsere Ehre wiederherzustellen.'
'Hey, hör mal ... Da du vom Syndikat bist: Kennst du einen Mann mit einem dritten Auge auf seiner Kochmütze?'
'Ah ... Die Kochmütze des Dritten Auges ... Vielleicht kenne ich diese Person sehr gut.'
'Aber umsonst bekommst du die Information nicht!'
'Soll das wieder eines dieser Kochduelle werden?'
'Haben das Chefköche nicht immer auf diese Art gemacht? Wenn du die eine Kochmütze des Dritten Auges willst, dann musst du mich in der Küche bezwingen!'
'Herausforderung angenommen!'
'Der Schlüssel zu den fernöstlichen Gerichten ist Verstohlenheit! Und du wirst meine delikaten Aromen niemals kommen sehen.'
'Das glaubst du! Mach dich auf ein paar leckere Gerichte gefasst!'
'Ich bin geschlagen ... Waren meine Geschmäcker so fade? Derart offensichtlich?'
'Nein, deine Kochkünste waren spitze. Aber ich habe ein Gespür dafür, auf das zu achten, was meine Zutaten zu sagen haben. Und das ist ein gewaltiger Vorteil.'
'Ich stehe in deiner Schuld, Chefkoch Kurtz.'
'Abgemacht ist abgemacht. Erzähl mir von dem Mann mit der Kochmütze des Dritten Auges.'
'Sein Name ist Trey und er ist der Vizepräsident des Syndikats des Dunklen Drachen.'
'Ich bitte dich ... Wenn ich noch mehr sage, ist das mein Ende.'
'Gut, das genügt. Jetzt verschwinde und ich will nicht, dass du jemals wieder mit dem Syndikat zu tun hast!'
'Vielen Dank.'
'Ha! Das war zu einfach. Meine Küche durchdringt das Herz meiner Zutaten. Ich lüfte ihre bestgehüteten Geheimnisse!'
'Ich hatte nicht das Zeug dazu ...'
'Aber ich bin nicht unbarmherzig. Wenn du je deine Fähigkeiten verbessern und mich erneut herausfordern solltest, dann nehme ich gerne an!'
'Ah! Der Herausforderer kehrt zurück! Leider wirst du das leise Heranschleichen der östlichen Geschmäcker nicht hören, bevor ich, Goemon, dich diesmal fertigmache!'
'Bist du der Chefkoch, der hinter Vizepräsidenten Trey herumgeschnüffelt hat?'
'Darauf kannst du wetten. Bist du auch ein kulinarischer Attentäter des Syndikats?'
'Nicht irgendeiner. Vor dir steht Terrance, der Gastronom der Erde!'
'Durch meine Kräfte spreche ich mit dem Boden. Ich weiß, wo das beste Gemüse angebaut wird. Du hast nur Kartoffeln, aber ich habe <i>KARTOFFELN</i>.'
'Also an Selbstbewusstsein mangelt es dir nicht.'
'Er sieht ganz schön hart aus ...'
'Also an Selbstbewusstsein mangelt es dir nicht, wie? Glaubst du wirklich, dass du Chefkoch Kurtz besiegen kannst?'
'Äh, ja? Locker. Nur die besten Chefköche des Syndikats schaffen es ins „Gastronomische Quartett“.'
'Eines Tages kann ich vielleicht sogar meinem Helden, dem Vizepräsidenten, das gekochte Wasser hinhalten!'
'Er sieht ganz schön hart aus ... Bist du sicher, dass du das schaffst, Kurtz?'
'Hey, ein bisschen Vertrauen bitte. Ich werde Trey nie aufspüren, wenn ich nicht mit dem Gastronomischen Quartett fertig werde.'
'Du hast also von uns gehört.'
'Das wird ein ganz enger Kampf.'
'Das Einzige, was zählt, ist, dass ich durch einen Sieg über dich Trey einen Schritt näherkomme.'
'Ha! Mein Gemüse und ich bringen dich unter die Erde.'
'Bei Kurtzs Kochkünsten? Da wäre ich mir nicht so sicher!'
'Ich habe ein oder drei Knollen, die das anders sehen. Aber \ngenug geredet!'
'Das Kochduell beginnt, Kurtz. Und mit dem Garten der Schmerzen, der auf dich zukommt, wirst du nicht fertig!'
'Das glaubst du! Mach dich auf ein paar leckere Gerichte gefasst!'
'Ich kann es nicht glauben ... Geschält wie der gestrige Mais ...'
'Ich habe genauer auf meine Zutaten gehört. Mehr war da nicht.'
'Du bist eine talentierterer Koch, als ich dachte ...'
'Vielleicht hast du ja das Zeug dazu, dem Vizepräsidenten Trey entgegenzutreten ...'
'Wo ist er?!'
'Frag mich nicht. Er reist um die Welt und sucht nach etwas.'
'Aber wenn er erfährt, dass du dein Handwerk verstehst ... wird er kommen.'
'Also muss ich einfach weiter gewinnen ...'
'Und jetzt ist es Zeit für mich, die Suppe auszulöffeln. Lebt wohl, meine schönen Hülsenfrüchte ... Ihr werdet ohne mich auskommen müssen.'
'Das ist das Schicksal der Besiegten.'
'Warte!'
'Das werde ich nicht! Leb wohl, Kurtz. Nächstes Mal ... wird die KARTOFFEL siegen!'
'Ha ha ha! Und wieder einmal habe ich bewiesen, dass es keine tiefere Liebe gibt als die zwischen einem Jungen und seinem Gemüse!'
'Ich glaube nicht, dass ich diese Phase durchgemacht habe ...'
'Trotzdem! Du hast dich gut geschlagen. Wenn du eine Revanche willst, kannst du sie haben ... vorausgesetzt, du bist bereit, wieder zu verlieren!'
'Willst du wieder ein Kochduell? Du wirst es noch bereuen, dass du dich mit <i>diesem</i> Haufen perfekter Paprikaschoten angelegt hast!'
'Entschuldigung. Ich suche den Chefkoch, der den Gastronomen der Erde besiegt hat.'
'Nun, du hast ihn gefunden. Bist du auch einer der Attentäter des Syndikats des Dunklen Drachen?'
'Das bin ich in der Tat. Mein Name ist Pescoe, Meister der Meeresfrüchte.'
'Ich verwende nur den allerfrischesten Fisch, der auf dem Höhepunkt seines Geschmacks serviert wird. Keine Kochkunst kann meine übertreffen!'
'Weißt du, beim Kochen geht es nicht nur darum, wie schnell du die Zutaten auf den Tisch bekommst ...'
'Das ist absurd! Willst du mit einem Fischer über den Unterschied zwischen Frische und Fische streiten?'
'Okay, dann müssen wir das eben in der Küche klären.'
'Ich habe erwartet, dass du das sagst. Wenn zwei Chefköche die selbe Luft atmen, ist ein Kampf unvermeidlich.'
'Soweit ich gehört habe, bist du auf der Suche nach dem Vizepräsidenten Trey, ja? Wenn du Schwierigkeiten haben wirst, <i>mich</i> zu übertreffen, dann ist <i>er</i> für dich unerreichbar.'
'Das klingt, als ob du es dir nicht leisten kannst, dieses Kochduell zu verlieren. Viel Glück, Kurtz!'
'Glück brauche ich nicht. Solange ich auf meine Zutaten höre, sind meine kulinarischen Möglichkeiten grenzenlos.'
'Nur der, der den Fisch ehrt, wird mit Geschmack belohnt! Ohne Seezunge ist jedes Gericht ein Flop. Du wirst dich vor meinen Meeresfrüchten verneigen!'
'Das glaubst du! Mach dich auf ein paar leckere Gerichte gefasst!'
'Unglaublich ... War meine Seezunge schon immer so schwach?'
'Hey, niemand behauptet, dass dein Essen schlecht war. Meins war halt nur besser.'
'Jetzt verstehe ich, warum Vizepräsident Trey so fasziniert ist ...'
'Was?!'
'Der Vizepräsident interessiert sich sehr für deine Talente. Schon bald wird eine Reihe neuer Attentäter vor deiner Tür stehen.'
'Immer nur her damit! Ich werde sie alle schlagen, wenn es nötig ist, um Trey zu kriegen!'
'Frisch gesprochen! Und jetzt verabschiede ich mich in Demut.'
'Ohne Seezunge wird deine Küche scheitern. Wieder einmal hat meine Beherrschung des Fischs mich zum Sieg geführt.'
'Ich schätze, es gibt noch viel zu lernen ...'
'Mach dir nicht draus, du hast ein gutes Gespür für deine Zutaten. Wenn du willst, bekommst du eine Revanche.'
'Schließlich können die Fähigkeiten eines Chefkochs nur im Wettkampf verfeinert werden!'
'Willst du einen weiteren Muscheltest? Sehr gut! Meine köstlichen Meeresfrüchte sind bereit, jeden Gaumen zu erobern!'
'Könnte ich bedient werden?'
'Ein Gast? Wenn du nach der Speisekarte suchst, sie ist ...'
'Oh, ich bin nicht zum Essen hier! Ich bin Carne, ein Attentäter des Syndikats des Dunklen Drachen!'
'Ah. Du bist also mein nächster Gegner, was?'
'Du da! Magst du Fleisch?'
'Ich liebe Fleisch.'
'Äh, nicht wirklich.'
'Ich liebe Fleisch.'
'Ja, ja! Natürlich tust du das! Wer kann schon Fleisch widerstehen?!'
'Äh, nicht wirklich.'
'Was? Wer mag denn kein FLEISCH?!'
'Fleiiiisch! Fleisch ist das A und O der Küche! Wenn du Fleisch servierst, gehen deine Gäste zufrieden nach Hause. Jeder\nKunde, jedes Mal!'
'Das ist eine ziemlich enge Sichtweise. Die Menschen finden alle möglichen Geschmacksrichtungen und Zutaten interessant.'
'Und ich habe ein Fleischgericht, das jeden von ihnen auf Wolke sieben schweben lässt!'
'Ich fordere dich zu einem Kochduell heraus, Kurtz! Mein Fleisch gegen dein ... was auch immer. Mal sehen, wer von uns beiden seine Kunden zum Sabbern bringt!'
'Abgemacht! Alles, was mich näher an mein Treffen mit Trey bringt.'
'Ha ha ha! Das höre ich doch gerne! Bei meinem Fleisch wirst du weinend auf dem Boden liegen bleiben!'
'Das glaubst du! Mach dich auf ein paar leckere Gerichte gefasst!'
'Was?! Die Verkoster haben meine herrlichen Fleischhaufen nicht gemocht? Wie kann das sein?'
'Hey, unterschiedliche Stile. So einfach ist das. Du bist kein Chefkoch, wenn du es nicht schaffst, dich für die Geschmäcker deiner Kunden neu zu erfinden.'
'Nein, nein! Das akzeptiere ich nicht! Ich werde nicht ruhen, bevor ich aus jedem Menschen einen Fleischliebhaber gemacht habe!'
'Falsch ... aber mutig!'
'Warte es bloß ab! Nächstes Mal gewinnt die Wurst!'
'Ha ha ha! Siehst du?! Wenn es um die Wurst geht, dann werden die Leute ... sicher nicht zum Vegetarier!'
'Sein Fleisch ... Es ist zu mächtig!'
'Du servierst zwar ein anständiges Essen, aber wenn du gewinnen willst, musst du das Fleisch rausholen – denn bei mir gibt es keine Haxen!'
'Ha ha ha! Bereit für mehr, Kurtz? Ich werde dich wie ein rohes Steak zermalmen!'
'Ähm ... Hallo ...'
'Hey, schön, dass du hier bist. Darf ich deine Bestellung aufnehmen?'
'Oh, ich bin kein Kunde ... Ich bin ein Attentäter.'
'Willst du mich veräppeln? Was macht ein Kind wie du beim Syndikat des Dunklen Drachen?'
'Ich hatte keine Wahl. Sie haben meinen Bruder entführt ... Deshalb muss ich hier gewinnen, egal was passiert.'
'Diese abscheulichen Feiglinge! Wenn du mich zu einem Kochduell herausforderst, dann werde ich dich nicht verschonen. Das weißt du doch, oder?'
'Ich verstehe ... Das ist das Gesetz der kulinarischen Welt.'
'Ich bin Dinah, der Meister der westlichen Küche ... und ich fordere dich heraus. Nimmst du an?'
'Das gefällt mir überhaupt nicht ... aber ja, ich denke schon.'
'Vielen Dank! Es ist nichts Persönliches, aber wenn ich nicht ein paar Eier zerbreche, dann werde ich meinen Bruder nicht retten ... also fange ich mit deinen an!'
'Das glaubst du! Mach dich auf ein paar leckere Gerichte gefasst!'
'Ohh ... Deine Gerichte sind so wohltuend ... Ich wünschte, so etwas könnte ich auch kochen!'
'Es ist noch nicht zu spät, wieder ins Licht zurückzukehren!'
'Glaubst du wirklich? Vielleicht ... sollte ich ...'
'Ich habe genug von diesem Gefasel.'
'Wer zum Teufel bist du?'
'Das geht dich nichts an. Dinah, trotz deines Versagens bist du weiterhin nützlich für uns.'
'Wenn dir etwas an deinem Bruder liegt, dann kehrst du unverzüglich zum Syndikat zurück. Das ist ein Befehl.'
'Ja, Madam ...'
'Du Monster!'
'Erzähl, was du willst. Es spielt keine Rolle. Wir werden alles tun, was nötig ist, um die Weltherrschaft zu erlangen!'
'Ich habe gewonnen? ... Wirklich?'
'Natürlich hast du das. Meine Kochkünste waren der Herausforderung nicht gewachsen.'
'Nun, ich denke, das war ein wirklich guter Kampf ... Willst du es noch einmal versuchen? Ich hätte nichts dagegen ...'
'In Ordnung. Noch eine Runde ... Aber ich muss dich immer noch schlagen!'
'He he ... Du musst Kurtz sein. Wir überspringen die Höflichkeiten und beginnen sofort mit unserem Kochduell.'
'So arrogant kann nur das Syndikat des Dunklen Drachen sein!'
'Richtig. Ich bin Simmere, die Gastronomin des Wassers.'
'Ich hoffe, du weißt, wie wichtig es ist, beim Kochen das Wasser zu kontrollieren?'
'Ja, ich kenne mich mit damit einigermaßen aus.'
'Dann verstehst du die Ausweglosigkeit deiner Situation. Wenn ich das Wasser beherrsche, beherrsche ich auch das Kochen!'
'Kurtz wird nicht von einer wie dir besiegt werden!'
'Verdammt richtig. Kochen ist mehr als nur Wasser. Und wenn alles gesagt und getan ist, ist mein Essen einfach besser.'
'Ha! Welch pikante Worte. Vielleicht bist du meine Zeit ja doch wert.'
'An die Kelle, Kurtz! Heute wird deine Zukunft mit einer Brühe aus reinstem Wasser weggespült!'
'Das glaubst du! Mach dich auf ein paar leckere Gerichte gefasst!'
'Unmöglich ... Es hatte die perfekte Viskosität!'
'Du hast dich zu sehr auf das Wasser konzentriert ... und das hat dich den Sieg gekostet.'
'Nein ... Nein! Hier muss ein Irrtum vorliegen!'
'Genug, Simmere. Hör auf mit der Schmach und akzeptiere, dass du verloren hast.'
'Oh nein ... Das ist sie!'
'Wie es Brauch ist, wird auf deine Kochmütze das Zeichen der Schande eingraviert. Damit fängst du wieder ganz unten an.'
'Nein! Bitte nicht! Alles, nur nicht das! Ich habe so hart dafür gearbeitet, um Mitglied beim „Gastronomischen Quartett“ zu werden!'
'Ruhe!'
'GYAAAAAHHH!!!'
'Unser Arbeit hier ist getan. Lass uns gehen.'
'Warte! Wer bist du?'
'Die Zeit, darüber zu reden, mag vielleicht kommen, aber nicht heute. Leb wohl, Kurtz!'
'Hast du das gesehen?! Wenn ich das Wasser beherrsche, beherrsche ich auch das Kochen ... und damit auch dich.'
'Verdammt, ihre Brühe war perfekt ... Das mit dem Wasser war kein Witz ...'
'Trotzdem, ich bin nicht unbarmherzig. Du hast dich als ein trockener, aber würdiger Herausforderer erwiesen. Ich erwarte mit Spannung deinen nächsten vergeblichen Versuch.'
'Sei gegrüßt, mein trockener kleiner Freund. Ich werde dir erneut die Herrlichkeit des Wassers erläutern!'
'Weiß jemand, wer diese mysteriöse Chefköchin ist?'
'Keine Ahnung. Aber eins ist klar: Sie muss einen ziemlich hohen Rang beim Syndikat des Dunklen Drachen bekleiden.'
'Ihr seid also dazu bestimmt, aufeinander zu treffen.'
'Ja, könnte sein ... Vielleicht muss ich sogar gegen sie antreten, bevor ich an Trey rankomme.'
'Entschuldigung. Ist das das Restaurant von Chefkoch Kurtz?'
'Das ist es, aber lass mich raten: Du bist kein Kunde.'
'Was soll ich sagen, Mr. Kurtz? Du hast mich direkt durchschaut. Mein Name ist Forreger, und ich bin der Meister des Ekelhaften beim Syndikat des Dunklen Drachen.'
'Meister des <i>was</i>?'
'Ich gebe zu, der Titel ist nicht sehr schmeichelhaft. Ich nehme an, ich bin einfach ein Mann, der alle Aspekte der natürlichen Welt liebt und Zutaten sieht, wo andere sie nicht sehen.'
'Wow ... Er hat Käfer, seltsame Pilze und eigenartige Blätterbüschel mitgebracht ...'
'Sie mögen auf das Auge abstoßend wirken, ich garantiere jedoch, dass ich sie ansprechend für die Zunge zubereiten kann.'
'Also interessant bist du ja, das muss ich dir lassen.'
'Also, es heißt, dass du einen Kampf mit dem Vizepräsidenten Trey willst. Also, wie sieht’s aus? Bist du bereit, es mit mir aufzunehmen und dich zu beweisen?'
'Darauf kannst du wetten!'
'Das ist die richtige Einstellung. Wenn es mit Liebe zubereitet wird, gibt es nichts in der Natur, das wir nicht essen können. Ich werde es dir zeigen.'
'Eigentlich wird meine ganzheitlich harmonische Küche deine Zunge umhauen.'
'Das glaubst du! Mach dich auf ein paar leckere Gerichte gefasst!'
'Argh! Von dem Konventionellen besiegt!'
'Sei nicht traurig. Deine Kochkünste haben mir wirklich die Augen geöffnet. Ich habe das Gefühl, dass du meinen Horizont erweitert hast.'
'Das ist freundlich von dir, Chefkoch. Ich vermute, du könntest das Zeug dazu haben, Vizepräsident Trey zu besiegen, und auch die Frau.'
'Warte. Weißt du, wer sie ist ...?'
'Ich weiß nur, dass sie eines Tages aus heiterem Himmel in Gesellschaft des Vizepräsidenten aufgetaucht ist.'
'Es dreht sich also um ihn ...'
'Bei deinem Talent ist es nur eine Frage der Zeit, bis sich eure Wege kreuzen. In der Zwischenzeit solltest du deine Fähigkeiten weiter verbessern.'
'Oh, das werde ich!'
'Und so konnte ich wieder mal beweisen, dass ein bisschen Liebe jede Zutat in den Mittelpunkt einer köstlichen Mahlzeit stellen kann.'
'Aber ich habe meine Zutaten geliebt ...'
'Das hast du, und es war wunderschön. Wenn du willst, können wir das wiederholen, und zwar so oft du willst! Sag mir einfach Bescheid.'
'Oh, du willst also eine Revanche? Zwischen meiner Liebe zur Natur und deiner Liebe zu deinen Zutaten werden die Funken sprühen!'
'Der Gastronom des Feuers ... Was denkst du, womit wir es zu tun haben werden?'
'Als ich hörte, dass jemand dem Vizepräsidenten Trey die Stirn bietet, hatte ich so ein Gefühl ... Und ja, natürlich bist du es, Kurtz!'
'Sears?! Ach komm schon, Mann, nicht du auch noch.'
'Ihr kennt euch?'
'Ja, Sears und ich haben zusammen trainiert. Er hat mir gezeigt, worauf ich achten muss.'
'Das ist ziemlich lange her. Jetzt bin ich im Syndikat des Dunklen Drachen, damit ich meine Fähigkeiten weiter verbessern kann.'
'Warum? Das hast du doch nicht nötig!'
'Ich muss es dir nicht erklären. Ein echter Chefkoch lässt seine Küche sprechen.'
'Kurtz, was ist die Spezialität deines Freundes?'
'Sears ist ein Genie, wenn es um Feuer geht. Niemand da draußen bekommt das hin, was dieser Typ mit einem Grill macht.'
'Bist du bereit für ein Kochduell oder nicht?'
'Oh, dafür bin ich bereit. Ich bekomme mein Treffen mit Trey, selbst wenn ich es vorher mit dir aufnehmen muss!'
'Das ist die richtige Einstellung, mein Freund. Und jetzt lass uns anfangen, denn du wirst gleich verkohlt!'
'Das glaubst du! Mach dich auf ein paar leckere Gerichte gefasst!'
'Kurtz ... Du hast es weit gebracht.'
'Ich hätte mir nie träumen lassen, dass ich dich beim Kochen besiegen kann!'
'Komm schon, Sears. Hör auf beim Syndikat. Gemeinsam könnten wir so viel mehr erreichen!'
'Hm ... Das hört sich nicht mal schlecht an ...'
'Oh, das kann ich nicht erlauben.'
'Hnggh ...!'
'SEARS!'
'Was zum Geier?'
'Du heimtückischer Feigling!'
'Was zum Geier? Du hast ihn umgebracht!'
'Er wusste zu viel. Niemand kann seine Hände reinwaschen, wenn es um das Syndikat geht.'
'Du heimtückischer Feigling! Schämst du dich nicht?'
'Stöcke und Steine. Ich habe Geheimnisse, die ich schützen muss, und er hat mir keine Wahl gelassen.'
'Waren meine Frau und mein Lehrer nicht genug für dich, Trey?! Musstest du auch noch meinen Freund töten?'
'Och, hier bin ich und schäle die kleinste Zwiebel der Welt. Deine Sentimentalität ist genau das, was dich zurückhält.'
'Aber ich muss dein Können anerkennen. Ich bin bald zurück und werde dich direkt herausfordern. Bis dann!'
'Wag es ja nicht, vor mir wegzulaufen! TREEEEEEY!!!'
'Verdammt ... *Schnief*'
'Du bist noch nicht so weit, Freundchen.'
'Du warst schon immer einen Schritt voraus.'
'Aber eins ist sicher: du bist besser geworden. Sag einfach Bescheid und ich gebe dir eine Revanche.'
'Willst du noch mehr? Denn meine glühend heißen Fähigkeiten stehen jederzeit und zur jeder Stunde für dich bereit!'
'Hier bin ich, Kurtz. Wie versprochen.'
'Trey ...'
'Du bist nicht der Einzige, der nach Antworten sucht. Und um meine zu erhalten, muss ich deine Küche aus erster Hand sehen.'
'Seit dem Tag, an dem du meine Frau und meinen Lehrer von mir nahmst, habe ich meine Messer geschärft, um dich in dein kulinarisches Grab zu befördern!'
'Du schaffst das, Kurtz!'
'He he he! Dann hast du deine Zeit verschwendet.'
'Du bekommst gleich einen Vorgeschmack auf den Preis, den ich an diesem Tag erhielt ...'
'Warte, was soll das bedeuten?'
'Der Kampf beginnt! Mach dich bereit, vor meiner gewaltigen kulinarischen Kraft zusammenzubrechen!'
'Das glaubst du! Mach dich auf ein paar leckere Gerichte gefasst!'
'Hä? Die Richter beachten mein Essen nicht und verschlingen das von Trey, als wären sie besessen!'
'Ich kann gar nicht aufhören, das zu essen!'
'Diesen Essen ist unglaublich!'
'Ich kann gar nicht aufhören, das zu essen!'
'Auch du, Nowa? Was zum Teufel ist hier los? Hat er sein Essen mit einem Zauberspruch belegt?!'
'Diesen Essen ist unglaublich! Ich könnte das den ganzen Tag essen!'
'Was zum Teufel ist hier los? Selbst ich kann nicht aufhören, mir das Essen dieses Typen in den Mund zu schaufeln!'
'Da! Siehst du? Ich habe dir gerade arkane Rezepte aus der Schriftrolle der Erde serviert! Es ist körperlich unmöglich, ihrem Geschmack zu widerstehen. '
'Solange ich diese Schriftrolle habe, bin ich in der Küche unbesiegbar.'
'Arkane Rezepte?! Dafür hast du meinen Lehrer umgebracht?'
'Leider besitze ich nur die Hälfte der Arkana ... Ohne die Schriftrolle des Himmels ...\nAh! Und jetzt habe ich zu viel gesagt.'
'Aber selbst wenn ich die Welt nach der anderen Schriftrolle durchsuchen würde und mit nichts zurückkäme, welche Hoffnung hättest <i>du</i>?'
'Die Schriftrolle des Himmels ...'
'Kurtz, gib diese fruchtlose Streben nach Rache auf. Tritt dem Syndikat des Dunklen Drachen bei ... um deiner selbst willen.'
'Niemals! Eines Tages kriege ich dich, denk an meine Worte!'
'Was für ein sturer Kerl. Merk dir MEINE Worte, Kurtz: Früher oder später kapitulierst du vor mir.'
'*Seufz* Sieht so aus, als müsste ich diese Schriftrolle des Himmels finden und selbst ein paar arkane Rezepte in die Finger bekommen ...'
'Das nächste Mal muss ich Trey schlagen! Aber wann wird das sein?'
'Es macht keinen Sinn, sich darüber Gedanken zu machen. Du musst jeden Tag so nehmen, wie er kommt.'
'Ja, du hast Recht. Ich gehe mal das Restaurant vorbereiten ...'
'He he he! Ist das das Geschäft von Kurtz?'
'Ja. Wer bist du?'
'Ich bin Ryu, Meister des Dim Sum und der neuste Attentäter des Syndikats des Dunklen Drachen! Bereite dich darauf vor, gekocht und aufgetischt zu werden!'
'Hmm. Hat Trey dich geschickt?'
'Der Vizepräsident hat jedem Chefkoch, der dich besiegt, einen Platz im Gastronomischen Quartett versprochen! Und hier bin ich!'
'Oh Mann. Das hätte ich kommen sehen. Aber vielleicht hilft ein Sieg gegen einen Schafskopf wie dich dabei, meine Stimmung zu heben.'
'He he he! Also haben wir ein Kochduell!'
'Beim Kochen geht es um Macht! Schlagkraft! Stärke! Und du wirst gleich Zeuge der mächtigsten Kochkunst der Welt!'
'Das glaubst du! Mach dich auf ein paar leckere Gerichte gefasst!'
'Ich verstehe das nicht ... Ich habe meine maximale Macht eingesetzt ...'
'Ja, und alles andere hast du vernachlässigt. Ohne Technik und etwas Seele kommst du nicht weit.'
'Grrrr! Was weißt du schon? Ich komme zu dir zurück, sobald ich stärker bin. Und dann bumm! Klirr! Bist du erledigt!'
'Aber klar doch, Kumpel. Ich stehe jederzeit zu einer Revanche bereit.'
'Schön zu sehen, dass du wieder ganz der Alte bist.'
'Ja. Ich muss aufhören rumzugrübeln und mir einen soliden Plan zurechtlegen. Die Menschen, die ich verloren habe, würden nicht wollen, dass ich Trübsal blase ...'
'He he he! Da hast du es! Es geht nur um Power! Pizzaz! Potenz!'
'Ich hätte es wissen müssen. Ein paar billige Küchentricks reichen nicht aus, um diese Art von kulinarischer Kraft abzuwehren.'
'Nun, nicht verzweifeln! Ich bin mit dem Kräftemessen noch nicht fertig. Wir sollten wieder kämpfen! Das macht mich nur stärker.'
'Komm, triff mich, wenn du meinst, bereit zu sein'
'He he he! Du hast also den Mut gefunden, dich mir erneut zu stellen? Bereite dich darauf vor, von meiner gewaltigen kulinarischen Macht niedergestreckt zu werden!'
'Entschuldigung, kannst du mir sagen, ob das das Restaurant von Chefkoch Kurtz ist?'
'Das ist es, und ich bin der, den du suchst.'
'Oh, wunderbar. Dann lass mich direkt sein: Ich bin Waft, Gastronom der Luft des Syndikats des Dunklen Drachen, und ich fordere dich zu einem Kochduell heraus.'
'Gastronom der Luft?!'
'<i>Ja</i>, Gastronom der Luft! Vizepräsident Trey scheint ziemlich auf dich fixiert zu sein. Ich musste einfach wissen, worum es dabei geht.'
'Nimmst du an?'
'Natürlich nehme ich an. Bekomme ich eine Revanche gegen Trey, wenn ich dich schlagen sollte?'
'Vielleicht ja. Wenn du deutliche Verbesserungen zeigst, wird er dich vielleicht mit einem weiteren Besuch beehren.'
'Aber wenn du denkst, dass du einfach so an mir vorbei kommst, dann irrst du dich gewaltig.'
'Keine Einwände. Ich weiß, wie ehrgeizig Chefköche sein können.'
'Ganz genau.'
'Meine Kochkunst nutzt die Luft selbst, um angenehme Aromen zu erzeugen und die Gäste direkt im Gaumen zu treffen. Sag mir, wie sieht es mit deinem eigenen Appetit aus?'
'Wow! Irgendetwas riecht fantastisch!'
'Was ist das? Das knurrt mir der Magen!'
'Nicht schlecht ... Ihr Gastronomen habt ein paar nette Tricks auf Lager.'
'Sollen wir anfangen? Ich spüre bereits, wie der Wind des Sieges in meine Richtung weht!'
'Das glaubst du! Mach dich auf ein paar leckere Gerichte gefasst!'
'Oh weh! Die Winde haben mich verraten ...'
'Machst du Witze? Dein Essen war fantastisch. Das Duell habe ich mit Ach und Krach gewonnen.'
'Nett, dass du das sagst, aber mein Schicksal ist bereits besiegelt.'
'Das ist es in der Tat. Wie es Brauch ist, wird auf deine Kochmütze das Zeichen der Schande eingraviert.'
'Argh ...!'
'Damit fängst du wieder ganz unten an. Jetzt komm.'
'Warte! Sag mir, wer du bist! Deine Stimme ... sie kommt mir so vertraut vor!'
'Wir unterhalten uns nicht weiter.\n... Leb wohl.'
'Verdammt, wer IST sie?!'
'Ist das der Duft des Triumphs? Hm. Ich glaube, das ist er.'
'Ja ... Ich gebe es nur ungern zu, aber du hast mich vom Hocker gehauen.'
'Weißt du, bei so viel Talent solltest du wirklich dranbleiben. Sollen wir zu unser beider Vorteil noch einmal von vorne anfangen?'
'Legen wir los!'
'Dann erwarte ich deine Herausforderung.'
'Ah, bereit es noch einmal zu versuchen? Ich muss dich warnen: Die Winde des Sieges sind immer noch auf meiner Seite!'
'BIEP BIEP. ANFRAGE: IST DAS DAS RESTAURANT VON CHEFKOCH KURTZ?'
'Jepp. Allerdings bekommen wir nicht viele Golem-Kunden.'
'KLARSTELLUNG: ICH BIN KEIN KUNDE. ICH WURDE WEGEN DER NIEDERLAGE DES GESAMTEN GASTRONOMISCHEN QUARTETTS LOSGESCHICKT.'
'Also bist du nur ein weiterer Attentäter des Syndikats.'
'RICHTIG. ICH BIN DER KULINARISCHE GOLEM 1.0. DIE KOCHTALENTE ALLER VIER VOM GASTRONOMISCHEN QUARTETT SIND IN MEINE KREATION EINGEFLOSSEN.'
'SOMIT BIN ICH DER PERFEKTE CHEFKOCH.'
'Sowas wie den perfekten Chefkoch gibt es nicht, mein Lieber. Es gibt nur bescheidene Köche, die unermüdlich danach streben, dieses Ziel zu erreichen.'
'KLARSTELLUNG: DEIN KOMMENTAR GILT NUR FÜR MENSCHEN. ALS GOLEM BIN ICH ZU BERECHNUNGEN FÄHIG, DIE WEIT ÜBER DAS MENSCHENMÖGLICHE HINAUSGEHEN.'
'KOCHEN IST SELBST EINE REIHE VON BERECHNUNGEN. ICH WERDE DIE PERFEKTION MEINER METHODE DEMONSTRIEREN.'
'Ja, okay. Herausforderung angenommen. Ich werde dir zeigen, welchen Unterschied ein bisschen Herz und Seele ausmachen.'
'BIEP BIEP. VORAUSSAGE: DIE CHANCEN MEINES SIEGES STEHEN BEI 100,0 %.'
'Das glaubst du! Mach dich auf ein paar leckere Gerichte gefasst!'
'BIEP BIEP. ANALYSE: ICH WURDE ... BESIEGT. DAHER KANN ICH DIE DIREKTIVE DES PRÄSIDENTEN UND DES VIZEPRÄSIDENTEN NICHT AUSFÜHREN.'
'Des Vizepräsidenten? Hm ... Ja, ich schätze, das passt, wenn Trey nur Vizepräsident ist.'
'Was war deine Direktive?'
'BIEP BIEP. HERAUSZUFINDEN, OB CHEFKOCH KURTZ IRGENDWELCHE ARKANEN REZEPTE BESITZT, UND WENN JA, SIE ZU HOLEN ...'
'BIEP BIEP. BZZZTTTT ...'
'Du redest zu viel, Golem. Ich wusste, dass deine Art für die anstehende Aufgabe ungeeignet war.'
'Du!'
'Deine Kochkünste werden immer besser, Kurtz. Aber bist du auch gut genug, unseren nächsten Attentäter zu besiegen?'
'Noch einer?'
'Das Syndikat des Dunklen Drachen vergisst nie. Du hast keine Ahnung, <i>was</i> noch auf dich zukommt!'
'BIEP BIEP. ANALYSE: WIE VORHERGESAGT, HABE ICH GEWONNEN. KEIN MENSCH KANN ES MIT MEINEN KOCHKÜNSTEN AUFNEHMEN.'
'So viel zum Thema „etwas Herz und Seele“ ...'
'NACHTRAG: ES GIBT NOCH SO VIEL, WAS ICH VON DEINER KOCHKUNST LERNEN KANN. ICH SCHLAGE EINE REVANCHE ZUM ZEITPUNKT DEINER WAHL VOR, QUASI ZUR WEITERBILDUNG.'
'DU BIST ZURÜCKGEKEHRT. ICH BIN BEREIT, EINE BELIEBIGE ANZAHL VON REVANCHEKÄMPFEN ZU AKZEPTIEREN. ANALYSE: DIE WAHRSCHEINLICHKEIT, DASS ICH GEWINNE, LIEGT BEI 100,0 %.'
'Mm! Dein Essen ist wahrlich köstlich. Ich ziehe meine Kochmütze vor dir, da du das Gastronomische Quartett <i>und</i> den Kulinarischen Golem 1.0 geschlagen hast.'
'Warum weißt du davon? Es sei denn ... Na toll.'
'Mein Name ist Quince! Und ich habe dem Gastronomischen Quartett alles beigebracht, was sie wissen. Willst du Trey immer noch besiegen?'
'Aber sowas von.'
'Dann musst du mich zuerst besiegen. Denn wenn du das nicht schaffst, dann weißt du, was das bedeutet.'
'Warum sprichst du es nicht einfach aus?'
'Trey ist ein weitaus besserer Chefkoch als ich. Aber da du schon einmal gegen ihn gekämpft hast, sollten dir seine Fähigkeiten bekannt sein.'
'...'
'Hör nicht auf ihn, Kurtz. Du wirst diese Runde gewinnen und die danach ebenso.'
'Danke, Nowa.'
'Ha ha! Was für ein herrliche Demonstration von Freundschaft. Aber damit gewinnst du keine Kochduelle.'
'Glaubst du, das weiß ich nicht? Ich bin bereit, jeden Teil meines Chefkochwesens einzusetzen, um es mit dir aufzunehmen.'
'Ah, schon besser. Trotzdem beherrsche ich alle vier gastronomischen Elemente, und ich bin sicher, dass das zu viel für dich wird.'
'Das glaubst du! Mach dich auf ein paar leckere Gerichte gefasst!'
'Hervorragend! JETZT hast du das Recht verdient, erneut gegen Trey anzutreten. Du bist ein vorbildlicher Cuisinier.'
'Aus deinem Mund bedeute das eine Menge. Du bist ja auch ein toller Chefkoch.'
'Vielleicht, aber jetzt muss ich die Konsequenzen für mein Versagen tragen.'
'Kannst du nicht einfach aus dem Syndikat aussteigen?'
'Vergiss es! Ich würde eher verhungern, als mich von der Kochkunst des Präsidenten zu trennen. Eines Tages wirst du es verstehen.'
'Wie dem auch sei, als Nächstes triffst du auf Trey. Ich wünsche dir viel Glück, denn er ist seit eurer letzten Begegnung noch stärker geworden.'
'Danke.'
'Was war das? Wenn du mich nicht besiegen kannst, dann ist es reine Fantasie zu glauben, dass du es mit Trey aufnehmen kannst.'
'Rrrrgh ... Lass es mich noch einmal versuchen!'
'Ah! Genau das ist das Feuer, das ich gesucht habe. Üb weiter und komm zu mir, wenn du bereit bist. Ich werde dir so oft gegenübertreten, wie nötig.'
'Sei gegrüßt. Bist du bereit für die Revanche? Mal sehen, ob der junge Chefkoch mit allen vier gastronomischen Elementen in den Händen seines älteren Gegenübers fertig wird!'
'Du hast dir also das Recht verdient, mich noch einmal herauszufordern. Das sollte unterhaltsam werden.'
'Trey! Diesmal schlägst du mich nicht!'
'Äh, hast du es schon vergessen? Ich habe die arkanen Rezepte aus der Schriftrolle und du hast nichts.'
'Ich bin unbesiegbar in der Küche! Und das Einzige, was du von mir serviert bekommst, ist ein Teller voller Niederlagen!'
'W... Was?! Das ist die Schriftrolle des Himmels, die andere Hälfte des arkanen Rezepts! Woher hast du sie?!'
'Ach, weißt du. Etwas Teamarbeit.'
'Wenn mir meine Freunde nicht geholfen hätten, dann würde ich wahrscheinlich immer noch suchen. Ich kann ihnen nicht genug danken'
'Das ist unmöglich ... Ich darf nicht verlieren ... So darf es nicht enden ...!'
'Gestehe es, Trey. Hast du meine Frau und meinen Lehrer an jenem Tag umgebracht, weil du die arkanen Rezepte haben wolltest?'
'Ich wollte nur die bestmögliche Küche kreieren! Und diese Narren haben sich mir in den Weg gestellt!'
'Ich kann dem Rest deiner Schläger verzeihen, aber dir? Nein. Niemals!'
'Ha ... Das war’s ... So ist es besser ... Ich muss kein Leben in Schande führen ...'
'Aber deine Frau ... sie ...'
'Trey stirbt'
'Kurtz'
'Warte! Was ist mit meiner Frau?!'
'Er ist tot.'
'... \nCelia ... Lehrer ... Jetzt könnt ihr in Frieden ruhen.'
'HA HA HA! Welch eine Dreistigkeit! Hast du wirklich geglaubt, du hättest gegen die arkanen Rezepte eine Chance?'
'Aah ... aah ... Ich muss die Schriftrolle des Himmels finden ...'
'Ich hoffe, du schaffst es. Denn wenn ich dich das nächste Mal besiege, dann gehört die Schriftrolle mir! HA HA HA HA HA!'
'Bist du auf noch mehr Demütigungen aus? Du hast Glück, das ist mein Lieblingsgericht und ich serviere es gerne!'
'...'
'Alles in Ordnung, Kurtz?'
'Ähm ... hey, bist du da drin?'
'Alles in Ordnung, Kurtz?'
'Oh, ja ... Tut mir leid. Ich denke nur über ein paar Dinge nach.'
'Ähm ... hey, bist du da drin?'
'Oh, entschuldige. Ich war irgendwie in Gedanken verloren.'
'Geht es ums Syndikat des Dunklen Drachen?'
'Ja ... Jetzt, wo Trey endlich tot ist, will ich einfach nur mit ihnen fertig werden. Aber ich bezweifle, dass sie mich in Ruhe lassen werden.'
'Und etwas anderes nagt noch an mir ...'
'Geht es um mich?'
'*Keuch* Es geht um sie.'
'Wer bist du? Verrat uns deinen Namen!'
'Ich habe keinen Namen. Und auch keine Erinnerungen. Trey nahm mich auf und bildete mich zu einer Attentäterin des Syndikat aus.'
'Erinnerst du dich denn an gar nichts? An überhaupt nichts?'
'Ruhe! Ich bin hier, um Vizepräsidenten Trey zu rächen. Akzeptierst du?'
'Ja ... Schließlich lernt man einen Chefkoch am besten über seine Kochkünste kennen.'
'Ha. Als ob ich mich für dich einfach angreifbar machen würde. Ein Wort der Warnung, Kurtz: Ich bin eine Agentin des Syndikats des Dunklen Drachen ...'
'Wenn du mit mir spielst, dann werde ich dich zerstören.'
'Mmh... Das glaubst du! Mach dich auf ein paar leckere Gerichte gefasst!'
'Diese Küche ... Diese Geschmäcker ... Das ist ... Hnnghhh!'
'Zuckerbär ... Bist du das?'
'Celia!'
'Kurtz! Oh mein süßer Zuckerbär!'
'Das ist deine FRAU?!'
'Ja. Ich dachte, ich hätte sie für immer verloren ...'
'Der Tag, an dem unser Lehrer getötet wurde ... Ich denke, ich habe überlebt, aber Treys Kochkunst versetzte mich in eine dem Tod ähnliche Trance.'
'Er muss mir meine Erinnerungen genommen und mir eine Gehirnwäsche verpasst haben, damit ich dem Syndikat diene.'
'Oh... Das kann nicht glauben ...'
'Es tut mir leid, Zuckerbär. Die ganzen schlimmen Sachen, die ich dir an den Kopf geworfen habe.'
'Das gehört jetzt der Vergangenheit an. Ich bin einfach so glücklich, dass ich dich wieder haben. Was meinst du, Muffin? Willst du mir dabei helfen, dieses Restaurant zu führen?'
'Meinst du das wirklich?'
'Aber natürlich tue ich das! Ich liebe dich, Celia!'
'Ohhhhhh! Ich liebe dich auch, Kurtz!'
'Hach.'
'Aber du musst vorsichtig sein, Liebling! Der Präsident des Syndikats ist hinter dir her! Und er wird mich niemals frei herumlaufen lassen!'
'Entspann dich, Muffin. Ich werde dich beschützen, versprochen. Meine Küche kann es mit jeder Bedrohung aufnehmen!'
'Erbärmlich. Ich hätte von dem Mann, der den Vizepräsidenten zu Fall gebracht hat, mehr erwartet.'
'Diese Gewürze ... Dieser Geschmack ... Das kann nicht sein!'
'Keine Fragen und kein Graben mehr! Ich bin eine Agentin des Syndikats des Dunklen Drachen!'
'Und wenn du mir nicht glaubst, dann kämpfe noch einmal gegen mich! Du wirst nur die selbe Antwort kommen.'
'Du Narr! Bist du wieder hier, um mich herauszufordern? Nun gut. Aber dein Schicksal wird genau dasselbe sein!'
'Dieser Präsident des Syndikats des Dunklen Drachen muss ein furchteinflößender Typ sein ...'
'Du kennst nicht mal die Hälfte der Wahrheit, Nowa. Stell dir einen Mann vor, dessen kulinarische Fähigkeiten so erschreckend sind, dass er beschließt, eine geheime Organisation zu gründen, um die Welt durch Kochen zu beherrschen!'
'Hah... Klingt für mich nach einem echt üblen Zeitgenossen.'
'Dieser „üble Zeitgenosse“, von dem du sprichst ... Ich nehme an, das bin ich?'
'Er ist hier!'
'Das bin ich. Aber versteh meine Absichten nicht falsch. Ich bin heute hier, um dich zu rekrutieren.'
'Mich rekrutieren?!'
'Deine Talente haben unzählige Köche besiegt, und sogar ein Talent wie Trey war machtlos. Ich kann mir keine würdigere Person vorstellen, um seinen Platz als Vizepräsident einzunehmen.'
'Was meinst du, Kurtz? Reizt es dich nicht, dem Syndikat beizutreten?'
'Tu es nicht!'
'Kurtz würde niemals einem Fiesling wie dir dienen!'
'Kurtz, nein! Tu es nicht!'
'Natürlich tue ich das nicht! Komm schon, als ob ich jemals für ein Monster wie ihn arbeiten würde.'
'Kurtz würde niemals einem Fiesling wie dir dienen!'
'Da hast du verdammt recht.'
'Dann bist du ein Narr. Ich dachte, du wärst ein Mann mit Weitblick! Einer, der bereit ist, die wertlose Küche aus der Welt \nzu vertreiben und mit einzigartigem Geschmack zu regieren!'
'So etwas wie wertloses Kochen gibt es nicht.'
'Der Kampf gegen deine Chefköche hat mir die Augen für all die erstaunlichen Dinge geöffnet, die man mit Lebensmitteln machen kann. Niemand hat einen wertlosen Stil!'
'Sie haben alle ein großes Herz und einen eisernen Willen, den Gaumen zu erfreuen!'
'Was für ein völliger BORSCHT! Offensichtlich muss ich meine Meinung am Herd kundtun!'
'Heh... Versuch es nur!'
'Wer das kulinarische System kontrolliert, kontrolliert die Welt. Bereite dich darauf vor, erobert zu werden, wie alle anderen auch!'
'Das glaubst du! Mach dich auf ein paar leckere Gerichte gefasst!'
'Ich wurde ... besiegt?'
'Deine Besessenheit mit diesen Kochduellen war dein Untergang.'
'Beim Kochen geht es darum, auf deine Zutaten und die Meinungen deiner Kunden zu achten. Es geht darum, leckere Gerichte für SIE zu kochen.'
'Willst du mir sagen, dass ich den Blick für das Wesentliche verloren habe?'
'Schau dir das Talent an, das du hast! Wenn du neu anfangen und etwas mehr Herz investieren würdest, dann könntest du die Welt auf die richtige Weise erobern. Dazu brauchst du keine böse Organisation.'
'Ha! Dass ich mir dieses schwachsinnige Geschwätz überhaupt anhöre, zeigt, wie mich deine Kochkünste fertig gemacht haben ...'
'Nun gut! Mit sofortiger Wirkung löse ich das Syndikat des Dunklen Drachens auf!'
'Oh, Gott sei Dank. Vielleicht können wir jetzt endlich wieder unser Leben fortsetzen.'
'Stattdessen werde ich eine neue Gruppe von Chefköchen versammeln, die mit dem Herzen kochen, und eine Gesellschaft des kulinarischen Lichts gründen.'
'Erwarte aber nicht, dass ich dich schonen werde.'
'Bis dahin verabschiede ich mich von dir und deiner köstlichen Küche!'
'Also werden wir mit dem Syndikat wohl keinen Ärger mehr haben?'
'So hört es sich an. Ich kann mich endlich darauf konzentrieren, ein nettes, normales Restaurant zu führen. Kann ich dir etwas zubereiten? Sag einfach, worauf du Appetit hast.'
'Ich zaubere es dir im Handumdrehen!'
'BUAHAHAHA! Dachtest du etwa, du könntest mich mit ein\npaar schönen Worten besiegen? Nur über meine Leiche! '
'Heh... Ich weiß, dass ich ihn schlagen kann, wenn ich daran arbeite ...'
'Ah, also habe ich deinen Geist noch nicht gebrochen? Nun gut. Dann machen wir das noch mal. Und noch mal und noch mal, bis du dich mir mit jeder Faser deines Wesens unterwirfst!'
'Los, greif mich mit allem an, was du aufbringen kannst!'
'Ha ha ha ha! Bereit für eine weitere Portion Verzweiflung? Meine einzigartige, perfekte Küche wird dich vernichten! '
'Die Schriftrolle des Himmels?'
'Ja. Ein sagenumwobenes Rezept, wobei manche glauben, dass es auch nur das ist.\nEs soll seinem Träger bei der Zubereitung aller möglichen Gerichte helfen.'
'Der Zwilling von Treys Schriftrolle der Erde, die früher meinem Meister gehörte.'
'Aber die Schriftrolle des Himmels ist schon seit langem verschollen. Unzählige Köche haben nach ihr gesucht und sind mit leeren Händen zurückgekehrt.'
'Während meiner Zeit in Hishahn habe ich so viele Rezepte wie möglich gesammelt. Dabei habe ich die Leute munkeln gehört, dass die Schriftrolle irgendwo in der Nähe sein soll ... '
'Aber mit Gerüchten allein lässt sich die Pastinake nicht buttern.'
'Ist es wirklich möglich, dass die Schriftrolle des Himmels die ganze Zeit irgendwo in der Nähe von Hishahn lag?'
'Verdammt! Es bringt nichts ... Nicht ohne die Schriftrolle des Himmels ... Laut Gerüchten in Hishahn könnte sie in der Nähe einer Höhle ins Meer gefallen sein. Nicht viel, womit man arbeiten könnte, aber ...'
'Wenn das stimmt ... wurde sie vielleicht irgendwo in der Gegend an Land gespült ...'
'Sieht aus wie ein Rezept.'
'Hm ...\nNenn mich verrückt, aber ich glaube, das ist, wonach Kurtz gesucht hat!\nDie Schriftrolle des Himmels!'
'Könnte es sein ... Ist das wirklich, tatsächlich die ...\nJa! Die Schriftrolle des Himmels! An einem Ort wie diesem!!'
'Damit ... Damit kann ich ihn endlich besiegen!'
'Das kann nicht sein ... A-Aber sie ist es!\nDie sagenumwobene Schriftrolle des Himmels!'
'Danke, Nowa.\nDu hast mir eine Chance gegeben, ihn zu besiegen.\nUnd die werde ich nicht verschwenden!'
'Hehe ...\nDu solltest vielleicht aus meiner Küche verschwinden,\ndenn ich werde gleich die Hitze hochdrehen!'
